SET NAMES 'utf8';
USE android_db;
--
-- Delete data from the table 'user'
--
TRUNCATE TABLE user;
--
-- Delete data from the table 'invitation'
--
TRUNCATE TABLE invitation;
--
-- Delete data from the table 'interested_events'
--
TRUNCATE TABLE interested_events;
--
-- Delete data from the table 'going_events'
--
TRUNCATE TABLE going_events;
--
-- Delete data from the table 'friendship'
--
TRUNCATE TABLE friendship;
--
-- Delete data from the table 'event'
--
TRUNCATE TABLE event;
--
-- Delete data from the table 'cover'
--
TRUNCATE TABLE cover;
--
-- Delete data from the table 'comment'
--
TRUNCATE TABLE comment;
--
-- Delete data from the table 'chat_message'
--
TRUNCATE TABLE chat_message;

--
-- Inserting data into table chat_message
--
INSERT INTO chat_message(id, created_time, seen, text, recipient_id, sender_id) VALUES
(1, '2020-03-08 15:17:01', False, 'Therefore, the concept of the flexible production planning can be treated as the only solution.The main reason of the development process  is to facilitate any additional or corporate approach.', 8, 8),
(2, '2020-02-21 12:41:42', False, 'Remembering that the assumption, that the final phase is a base for developing in terms of the content testing method, minimizes influence of what can be classified as the final draft.  ', 5, 3),
(3, '2020-04-15 23:41:25', True, 'The majority of examinations of the repetitive impacts show that in terms of the arguments and claims provides a foundation for the ultimate advantage of meticulous control over alternate practices.  ', 10, 8),
(4, '2020-01-01 00:00:45', False, 'What is more, an overview of the formal action commits resources to the basically developed techniques. The uptake is quite a unique matter.  ', 1, 7),
(5, '2020-01-01 09:19:58', False, 'Besides, the possibility of achieving the matter of the corporate competitiveness, as far as the systems approach is questionable, has the potential to improve or transform an importance of the structured technology analysis.  ', 4, 4),
(6, '2020-02-09 16:55:36', False, 'As for an assessment of the corporate asset growth, it is clear that the structure of the formal action presents a threat for the positive influence of any strategic decisions.  ', 5, 6),
(7, '2020-03-30 21:23:24', True, 'On the contrary, the results of the formal action may motivate developers to work out the project architecture.Therefore, the concept of the commitment to quality assurance can be treated as the only solution.', 1, 7),
(8, '2020-05-10 15:38:04', True, 'The public in general tend to believe that the conventional notion of in the context of effective time management reinforces the argument for an initial attempt in development of the permanent growth.  ', 7, 2),
(9, '2020-01-01 00:03:39', True, 'As a matter of fact the raw draft of the matrix of available provides a strict control over complete failure of the supposed theory.  ', 6, 10),
(10, '2020-01-13 13:09:58', False, 'Surprisingly, a number of brand new approaches has been tested during the the improvement of the source of permanent growth.', 1, 8),
(11, '2020-04-27 14:27:36', True, 'Conversely, with the exception of the the profit can hardly be compared with the structured technology analysis.  ', 9, 7),
(12, '2020-05-16 10:07:13', True, 'Alas, the advantage of the basic feature poses problems and challenges for both the application interface and the major outcomes. The structure is quite a mixed matter.  ', 7, 6),
(13, '2020-03-17 00:28:34', True, 'Quite possibly, a prime action of impact of the final draft presents a threat for the functional programming. This seems to be a deeply obvious step towards the design patterns.  ', 1, 9),
(14, '2020-03-31 10:59:17', True, 'It goes without saying that a lot of effort has been invested into the basics of planning and scheduling.The convention is quite a constructive matter.', 8, 3),
(15, '2020-04-10 13:58:19', False, 'A solution might be in a combination of primary element and data management and data architecture framework the general features and possibilities of the feedback system.', 4, 3),
(16, '2020-02-07 20:42:34', False, 'There is no doubt, that Adolph House is the firs person who formulated that the understanding of the great significance of the critical acclaim of the represents a bond between the referential arguments and what can be classified as the final phase.  ', 10, 9),
(17, '2020-01-21 12:23:25', True, 'Nevertheless, one should accept that the results of the strategic decision provides a prominent example of complete failure of the supposed theory.  ', 2, 3),
(18, '2020-04-15 03:09:35', False, 'The public in general tend to believe that the basic layout for the product functionality must be compatible with any interconnection of corporate ethics and philosophy with productivity boosting. This may be done through the first-class package.  ', 5, 7),
(19, '2020-03-30 17:16:44', False, 'This seems to be a decidedly obvious step towards the sources and influences of the corporate ethics and philosophy.', 6, 6),
(20, '2020-04-30 15:10:46', True, 'In plain English, the layout of the essential component contributes to the capabilities of the hardware maintenance. The unification is quite a reputable matter.  ', 6, 4),
(21, '2020-02-03 19:40:43', True, 'On top of that an overview of the mechanism has more common features with the entire picture.  ', 9, 5),
(22, '2020-03-27 20:14:03', True, 'On top of that study of sufficient practices can turn out to be a result of the first-class package. Therefore, the concept of the corporate asset growth can be treated as the only solution.  ', 5, 9),
(23, '2020-01-01 00:00:09', False, 'To be quite frank, criteria of a key factor of the fundamental problem can turn out to be a result of the formal review of opportunities. The estimation is quite a proposed matter.  ', 2, 4),
(24, '2020-03-30 13:29:35', False, 'Admitting that a description of the mechanism benefits from permanent interrelation with the constructive criticism. The competence is quite a useless matter.  ', 1, 10),
(25, '2020-05-02 05:13:22', True, 'We must be ready for productivity boost and internal network investigation of any standards control.This may be done through the program functionality.', 5, 7),
(26, '2020-01-05 18:59:13', False, 'Fortunately, the initial progress in the software functionality consistently illustrates the utter importance of the technical requirements. Therefore, the concept of the structured technology analysis can be treated as the only solution.  ', 1, 10),
(27, '2020-01-11 01:46:21', False, 'In the meantime an assessment of the outline design stage is positively considerable. However, the remainder of the diverse sources of information likely what can be classified as the operations research the entire picture.  ', 5, 5),
(28, '2020-01-05 15:35:16', False, 'Without a doubt, Abel Lewis was right in saying that, the total volume of the treatment may share attitudes on the specific action result.', 1, 3),
(29, '2020-02-19 17:19:33', False, 'On the contrary, a surprising flexibility in some part of the share of corporate responsibilities can turn out to be a result of an initial attempt in development of the ability bias.  ', 9, 9),
(30, '2020-05-14 06:07:40', False, 'Which seems to confirm the idea that a interchangeable action of details of the key principles should set clear rules regarding the questionable thesis.  ', 6, 8),
(31, '2020-01-01 02:37:11', False, 'For a number of reasons, the unification of the functional programming requires urgent actions to be taken towards the proper effort of the independent knowledge.  ', 10, 10),
(32, '2020-01-13 23:13:35', False, 'In any case, we can systematically change the mechanism of the permanent growth.This could typically be a result of a grand strategy.', 5, 9),
(33, '2020-01-01 00:00:53', True, 'Let''s not forget that there is a direct relation between the direct access to key resources and a description of the performance gaps. However, the structure of the design patterns provides a foundation for any new or pre-determined approach.  ', 2, 9),
(34, '2020-01-01 00:03:19', False, 'It is worth emphasizing that the point of the basic feature leads us to a clear understanding of complete failure of the supposed theory.  ', 2, 10),
(35, '2020-01-14 09:53:50', True, 'This may be done through the user interface the significant improvement.Therefore, the concept of the software functionality can be treated as the only solution.', 8, 9),
(36, '2020-01-22 04:08:13', True, 'Moreover, a surprising flexibility in in terms of the development process  combines the structured technology analysis and this product design and development. This can eventually cause certain issues.  ', 1, 6),
(37, '2020-05-17 21:55:23', False, 'Frankly speaking, the exceptional results of the quality guidelines becomes a serious problem.In a loose sense the framework of the task analysis impacts effectively on every overall scores.', 8, 2),
(38, '2020-04-04 19:21:29', False, 'In any case, we can exceedingly change the mechanism of the quality guidelines.It should rather be regarded as an integral part of the effective time management.', 10, 9),
(39, '2020-03-01 07:59:25', True, 'By some means, either comprehensive set of policy statements or linguistic approach needs to be processed together with the the ultimate advantage of unlimited argument over alternate practices.  ', 1, 10),
(40, '2020-01-04 04:47:25', True, 'It is undeniable that core concept of the skills should focus on the questionable thesis. The main reason of the direct access to key resources is to facilitate the entire picture.  ', 4, 4),
(41, '2020-02-16 12:47:49', True, 'In a more general sense, a number of the basic feature provides a deep insight into the development methodology. This could deeply be a result of a software engineering concepts and practices.  ', 8, 8),
(42, '2020-03-27 10:45:41', True, 'Thus, criteria of the efficiency of the goals and objectives will possibly result in the major and minor objectives. Such tendency may wholly originate from the draft analysis and prior decisions and early design solutions.  ', 1, 2),
(43, '2020-01-01 00:01:38', True, 'The main reason of the set of related commands and controls is to facilitate this interconnection of resource management with productivity boosting.This can eventually cause certain issues.', 3, 8),
(44, '2020-04-10 20:08:48', True, 'Doubtless, the capacity of the essential component benefits from permanent interrelation with the structural comparison, based on sequence analysis on a modern economy.  ', 2, 9),
(45, '2020-05-16 03:11:44', True, 'However, in the context of relational approach has common features with the design aspects.In any case, we can notably change the mechanism of the content testing method.', 1, 9),
(46, '2020-04-24 13:20:21', True, 'On the one hand it can be said that after the completion of the mechanism is recognized by the proper architecture of the software engineering concepts and practices.  ', 1, 9),
(47, '2020-05-02 12:01:08', False, 'It turns out that the understanding of the great significance of the subsequent actions the direct access to key resources. The technical requirements turns it into something briefly real general tendency of the preliminary action plan.  ', 9, 3),
(48, '2020-01-01 00:05:18', False, 'Doubtless, the unification of the goals and objectives has the potential to improve or transform what can be classified as the predictable behavior.  \r\nAll in all, a huge improvement of the essence will possibly result in the conceptual design.  ', 10, 9),
(49, '2020-01-01 00:14:20', True, 'On the other hand, aspects of the the profit reinforces the argument for the entire picture.It should rather be regarded as an integral part of the strategic management.', 4, 3),
(50, '2020-03-20 06:18:06', True, 'Speaking about comparison of some of the strategic management and major outcomes, a closer study of the concurrently developed techniques provides benefit from the more product design and development of the product functionality.  ', 9, 8);

--
-- Inserting data into table comment
--
INSERT INTO comment(id, text, timestamp, event_id, user_id) VALUES
(1, 'It turns out that the possibility of achieving one of the final phase, as far as the product functionality is questionable, remains the crucial component of any elaborate or definitive approach.  \r\nOn top of that the unification of the major area of expertise benefits from permanent interrelation with the operations research. This seems to be a steadily obvious step towards the feedback system.  \r\nIt goes without saying that the big impact manages to obtain the preliminary action plan.  \r\nThe most common argument against this is that the unification of the significant improvement should focus on every contradiction between the draft analysis and prior decisions and early design solutions and the independent knowledge.  \r\nFirst and foremost, criteria of the design of the major and minor objectives provides a foundation for the first-class package. This could consistently be a result of a flexible production planning.  ', '2020-01-01 16:32:01', 46, 10),
(2, 'As a matter of fact all approaches to the creation of the matter of the specific decisions reveals the patterns of the overall scores. It should rather be regarded as an integral part of the functional programming.  \r\nSimplistically, the core principles provides a deep insight into the content strategy. It should rather be regarded as an integral part of the final draft.  \r\nOn the other hand, we can observe that the possibility of achieving a section of the specific decisions, as far as the ability bias is questionable, gives us a clear notion of this continuing software doctrine. This can eventually cause certain issues.  \r\nFrom these arguments one must conclude that the conventional notion of any part of the production cycle should set clear rules regarding the goals and objectives. It may reveal how the source of permanent growth immediately the corporate competitiveness. The individual elements turns it into something easily real the ultimate advantage of static proportion over alternate practices.  \r\nAlthough, the explicit examination of existing network establishes sound conditions for the internal network. It may reveal how the effective mechanism accordingly any interactive services detection. This may be done through the key principles the general features and possibilities of the quality guidelines.  \r\nFrankly speaking, any deep analysis combines the network development and the design aspects. Therefore, the concept of the draft analysis and prior decisions and early design solutions can be treated as the only solution.  \r\nIt is often said that study of conceptual practices is regularly debated in the light of the basic reason of the functional programming. Such tendency may automatically originate from the driving factor.  \r\nFirst and foremost, a lot of effort has been invested into the operational system. It is undeniable that the example of the task analysis cannot rely only on the irrelevance of innovation.  \r\nIt''s a well-known fact that the center of the strategic decision should keep its influence over the minor details of resource management.  \r\nFor a number of reasons, the analysis of the formal review of opportunities impacts definitely on every task analysis. In respect of with the exception of the prominent landmarks should help in resolving present challenges. Focusing on the latest investigations, we can positively say that within the framework of the deep analysis should keep its influence over the competitive development and manufacturing. The standards control turns it into something approximately real.  ', '2020-01-02 02:52:01', 32, 9),
(3, 'Throughout the investigation of the dominant cause of the critical thinking, it was noted that a small part of the treatment should focus on an importance of the set of system properties.  \r\nBy all means, the evaluation of reliability activities for any of the prominent landmarks has more common features with the strategic planning. We must be ready for resource management and storage area investigation of the ultimate advantage of overall compression over alternate practices.  ', '2020-01-01 11:22:01', 34, 5),
(4, 'In a more general sense, final stages of the system concepts manages to obtain any base configuration. This may be done through the functional programming.  \r\nThough, the objectives of the evolution of the fundamental problem can be neglected in most cases, it should be realized that the total volume of the basic feature seems to be suitable for the operations research. The integration prospects turns it into something seemingly real.  \r\nOne of the most striking features of this problem is that the understanding of the great significance of the consequential risks boosts the growth of the ultimate advantage of separate manner over alternate practices.  \r\nIn this regard, the progress of the the profit gives a complete experience of the proper leadership of the formally developed techniques.  \r\nNevertheless, one should accept that the pursuance of relational approach the system concepts. Everyone understands what it takes to the driving factor or the first-class package the immensely developed techniques. We must be ready for overall scores and feedback system investigation of the prominent landmarks. This seems to be a positively obvious step towards the final draft the risks of the questionable thesis.  ', '2020-01-02 21:28:01', 9, 7),
(5, 'One way or another, either user interface or major outcomes an importance of the final phase the sustainability of the project and the sources and influences of the major decisions, that lie behind the development process . Such tendency may globally originate from the bilateral act.  \r\nConversely, the core principles highlights the importance of any summarized or early approach.  \r\nFrom these facts, one may conclude that discussions of the constructive criticism is collectively considerable. However, elements of the internal network provides rich insights into the positive influence of any set of related commands and controls. A solution might be in a combination of integration prospects and first-class package the driving factor or the market tendencies.  \r\nTo straighten it out, the basic layout for a significant portion of the existing network should keep its influence over the vital decisions on a modern economy.  \r\nFor instance, the core principles the proper comparison of the continuing item doctrine the high performance of the effective time management. Therefore, the concept of the continuing customization doctrine can be treated as the only solution.  \r\nTo sort everything out, it is worth mentioning that a small part of the basic feature would facilitate the development of complete failure of the supposed theory.  \r\nSpeaking about comparison of any share of corporate responsibilities and goals and objectives, some of the strategic decision would facilitate the development of the general features and possibilities of the network development. A solution might be in a combination of operating speed model and structured technology analysis the major and minor objectives. This seems to be a holistically obvious step towards the major area of expertise.  \r\nThere is no doubt, that Francis Andrade is the firs person who formulated that components of the feedback system prudently changes the principles of the crucial development skills. Such tendency may concurrently originate from the system concepts.  \r\nOn the one hand it can be said that the assumption, that the sufficient amount is a base for developing the interpretation of the commitment to quality assurance, commits resources to the corporate ethics and philosophy. We must be ready for direct access to key resources and content strategy investigation of the overall scores. Everyone understands what it takes to the storage area. Thus a complete understanding is missing any bold or smooth approach.  ', '2020-01-03 02:38:01', 49, 7),
(6, 'Even so, the optimization of the deep analysis provides benefit from the irrelevance of consequence.  \r\nIt goes without saying that there is a direct relation between the share of corporate responsibilities and cost of the structured technology analysis. However, within the framework of the corporate ethics and philosophy poses problems and challenges for both the application rules and the general features and possibilities of the global management concepts.  \r\nRemembering that a key factor of the formal action provides a solid basis for the proper extent of the system mechanism.  ', '2020-01-02 11:08:01', 41, 7),
(7, 'In particular, a voluntary action of any part of the internal network seems to be suitable for the conceptual design.  \r\nAnother way of looking at this problem is to admit that the development sequence the more strategic planning of the crucial development skills the high performance of the driving factor. The realization is quite a elaborate matter.  \r\nOn top of that final stages of the crucial component provides a foundation for an initial attempt in development of the major area of expertise.  \r\nIt''s a well-known fact that the consequential risks and growth opportunities of it are quite high. Let''s consider, that study of mass practices gives rise to the preliminary action plan.  \r\nWithout a doubt, Adan Carnahan was right in saying that, the initial progress in the major outcomes seems to be suitable for the preliminary action plan.  \r\nIt goes without saying that the basic layout for a key factor of the bilateral act represents opportunities for the existing network. This could reliably be a result of a design aspects.  \r\nAccording to some experts, the point of the comprehensive methods gives us a clear notion of the structured technology analysis. It should rather be regarded as an integral part of the direct access to key resources.  \r\nIn addition, with the exception of the essential component provides rich insights into the network development. The real reason of the effective mechanism effectively the first-class package. This seems to be a financially obvious step towards the project architecture any sources and influences of the corporate competitiveness. This may be done through the development process .  \r\nIn addition, aspects of the arguments and claims highlights the importance of the positive influence of any project architecture.  \r\nAlas, the capacity of the basic feature may motivate developers to work out the basics of planning and scheduling or the task analysis.  ', '2020-01-02 09:04:01', 17, 3),
(8, 'Although, the exceptional results of the formal review of opportunities underlines the limitations of the entire picture.  \r\nIn the meantime the dominant cause of the deep analysis reveals the patterns of the valuable information. The real reason of the major area of expertise slightly the irrelevance of potential the entire picture.  \r\nThe most common argument against this is that an basic component of violations of the briefly developed techniques has proved to be reliable in the scope of the driving factor. The operating speed model turns it into something slightly real.  \r\nIn the meantime the understanding of the great significance of the development process  contributes to the capabilities of the product design and development. The fundamental problem turns it into something objectively real.  \r\nQuite possibly, the assumption, that the software functionality is a base for developing a number of the operational system, underlines the limitations of the feedback system. It may reveal how the basic reason of the preliminary network design formally the general features and possibilities of the set of system properties the preliminary action plan.  \r\nFor a number of reasons, a surprising flexibility in the analysis of the predictable behavior requires urgent actions to be taken towards the positive influence of any primary element.  \r\nIt turns out that the example of the structured technology analysis benefits from permanent interrelation with the conceptual design.  \r\nTo put it simply, a surprising flexibility in a significant portion of the structured technology analysis should set clear rules regarding the performance gaps. This seems to be a immensely obvious step towards the individual elements.  \r\nWhich seems to confirm the idea that the development process  poses problems and challenges for both the valuable information and the entity integrity. The real reason of the comprehensive set of policy statements positively the structured technology analysis. It may reveal how the existing network approximately the questionable thesis what is conventionally known as ground-breaking technology the technical requirements. Thus a complete understanding is missing.  ', '2020-01-02 03:54:01', 9, 9),
(9, 'Let''s not forget that a number of brand new approaches has been tested during the the improvement of the program functionality. From these facts, one may conclude that a lot of effort has been invested into the coherent software. Looking it another way, the organization of the deep analysis seems to strongly change the paradigm of the continuing factor doctrine or the formal review of opportunities.  ', '2020-01-01 22:44:01', 32, 7),
(10, 'From these arguments one must conclude that the explicit examination of content testing method will possibly result in the more network development of the immensely developed techniques.  \r\nIn the meantime any mechanism represents basic principles of this hardware maintenance. This can eventually cause certain issues.  \r\nA number of key issues arise from the belief that the raw draft of the potential role models can hardly be compared with the conceptual design.  \r\nIt is undeniable that the technical requirements and growth opportunities of it are quite high. Doubtless, a lot of effort has been invested into the well-known practice. In a similar manner, a lot of effort has been invested into the integrated collection of software engineering standards. In a more general sense, segments of the treatment will require a vast knowledge. To be more specific, any further consideration seems to steadily change the paradigm of the specific decisions. The crucial development skills turns it into something approximately real.  ', '2020-01-02 04:56:01', 33, 1),
(11, 'There is no doubt, that Tobias Mcmurray is the firs person who formulated that the evolution of the interconnection of outline design stage with productivity boosting presents a threat for what is conventionally known as set of related commands and controls.  \r\nNaturally, there is a direct relation between the structured technology analysis and the advantage of the global management concepts. However, efforts of the ground-breaking technology may motivate developers to work out the major outcomes. It may reveal how the structure absorption decidedly the operational system. Thus a complete understanding is missing the ultimate advantage of combined generation over alternate practices.  \r\nOn the assumption of some features of the environmental modification, the total volume of the arguments and claims becomes extremely important for the interactive services detection. It may reveal how the strategic management accordingly the application rules. We must be ready for content strategy and crucial component investigation of the final phase. This seems to be a presumably obvious step towards the integrated collection of software engineering standards the functional programming. It may reveal how the subsequent actions methodically an initial attempt in development of the comprehensive project management the predictable behavior. Such tendency may heavily originate from the data management and data architecture framework.  \r\nIt is necessary to point out that a lot of effort has been invested into the corporate ethics and philosophy. So far, the internal network and growth opportunities of it are quite high. To be quite frank, the exceptional results of the standards control establishes sound conditions for an initial attempt in development of the global management concepts.  ', '2020-01-01 23:46:01', 6, 1),
(12, 'It is stated that final stages of the vital decisions underlines the limitations of the interconnection of data management and data architecture framework with productivity boosting on a modern economy.  \r\nA number of key issues arise from the belief that the system concepts and growth opportunities of it are quite high. As a matter of fact the negative impact of the resource management primarily changes the principles of the structured technology analysis on a modern economy.  ', '2020-01-02 17:20:01', 3, 5),
(13, 'Let it not be said that all approaches to the creation of the edge of the functional programming has become even more significant for the feedback system. Therefore, the concept of the ground-breaking technology can be treated as the only solution.  \r\nWithout a doubt, Harland Phelps was right in saying that, there is a direct relation between the grand strategy and the results of the direct access to key resources. However, the advantage of the critical acclaim of the represents a bond between the user interface and the preliminary action plan.  \r\nCuriously, the core principles would facilitate the development of the comprehensive set of policy statements. It should rather be regarded as an integral part of the system mechanism.  ', '2020-01-02 05:58:01', 19, 8),
(14, 'Besides, the unification of the direct access to key resources is getting more complicated against the backdrop of the questionable thesis.  \r\nSpeaking about comparison of the design of the design patterns and principles of effective management, the raw draft of the permanent growth ensures integrity of the functional programming or the consequential risks.  \r\nThat is to say an basic component of a small part of the share of corporate responsibilities is of a great interest. Eventually, a surprising flexibility in some of the coherent software provides a deep insight into the prominent landmarks. The framework is quite a acceptable matter.  \r\nAnother way of looking at this problem is to admit that an basic component of discussions of the fundamental problem should set clear rules regarding the irrelevance of convention.  \r\nSimplistically, the pursuance of relational approach needs to be processed together with the the positive influence of any comprehensive set of policy statements.  \r\nBy the way, some features of the internal resources remains the crucial component of an initial attempt in development of the structural comparison, based on sequence analysis.  \r\nAs a matter of fact, the condition of the structured technology analysis reinforces the argument for the benefits of data integrity or the design aspects.  \r\nConversely, the pursuance of development sequence should focus on what can be classified as the user interface.  \r\nIn this regard, the conventional notion of the main source of the draft analysis and prior decisions and early design solutions can partly be used for the quality guidelines. Everyone understands what it takes to the individual elements the strategic management. The structured technology analysis turns it into something collectively real.  \r\nOne cannot deny that the criterion is of a great interest. Moreover, the unification of the benefits of data integrity is regularly debated in the light of the minor details of data management and data architecture framework.  ', '2020-01-02 12:10:01', 22, 9),
(15, 'Under the assumption that each of the skills has more common features with the positive influence of any referential arguments.  \r\nAs a matter of fact the understanding of the great significance of the final phase requires urgent actions to be taken towards the feedback system. It may reveal how the functional programming relatively the strategic management. Therefore, the concept of the storage area can be treated as the only solution the preliminary action plan.  \r\nIt''s a well-known fact that a closer study of the performance gaps has a long history of the questionable thesis.  \r\nBy all means, the possibility of achieving some of the increasing growth of technology and productivity, as far as the structured technology analysis is questionable, focuses our attention on the crucial development skills. The sources and influences of the bilateral act turns it into something literally real.  \r\nThe the structure of the interactive services detection gives less satisfactory results. At the same time, however, organization of the essential component can hardly be compared with the irrelevance of perception.  ', '2020-01-02 18:22:01', 46, 5),
(16, 'On the other hand, the negative impact of the primary element discards the principle of the operations research. We must be ready for structured technology analysis and storage area investigation of the feedback system. This seems to be a fully obvious step towards the emergency planning.  \r\nWhatever the case, the basic layout for the growth of the production cycle represents opportunities for the positive influence of any crucial development skills.  \r\nIn the meantime the technical terms in its influence on a number of the commitment to quality assurance stimulates development of the operations research. The rule is quite a core matter. A solution might be in a combination of overall scores and content testing method the minor details of corporate competitiveness.  \r\nAs a matter of fact the major accomplishments, such as the prominent landmarks, the ability bias, the permanent growth or the application rules the entire picture the high performance of the production cycle on a modern economy.  \r\nOn the one hand it can be said that violations of the sufficient amount impacts reliably on every consequential risks. In respect of the dominant cause of the resource management can turn out to be a result of the irrelevance of method.  ', '2020-01-02 13:12:01', 10, 6),
(17, 'By some means, the explicit examination of operating speed model has the potential to improve or transform the more product design and development of the feedback system.  \r\nNotwithstanding that a closer study of the content strategy leads us to a clear understanding of the questionable thesis.  \r\nBesides, a surprising flexibility in a broad understanding of the interactive services detection should correlate with the systems approach or the optimization scenario.  \r\nThroughout the investigation of the patterns of the flexible production planning, it was noted that the raw draft of the set of system properties can hardly be compared with an initial attempt in development of the best practice patterns.  \r\nConversely, the assumption, that the corporate ethics and philosophy is a base for developing an assessment of the structural comparison, based on sequence analysis, discards the principle of the set of system properties. This could increasingly be a result of a individual elements.  \r\nA number of key issues arise from the belief that a significant portion of the the profit must take into account the possibility of the quality guidelines. Such tendency may highly originate from the ground-breaking technology.  ', '2020-01-02 19:24:01', 16, 2),
(18, 'Perhaps we should also point out the fact that efforts of the the profit likely the minor details of strategic management any technical terms. This may be done through the grand strategy.  \r\nFirst and foremost, the development of the internal policy discards the principle of the entire picture.  \r\nSimplistically, the conventional notion of a broad understanding of the technical requirements leads us to a clear understanding of complete failure of the supposed theory.  \r\nLooking it another way, a broad understanding of the essence shows a stable performance in development of the project architecture. Therefore, the concept of the independent knowledge can be treated as the only solution.  \r\nThe the total volume of the technical terms gives less satisfactory results. At the same time, however, components of some of the task analysis presumably the development process . Everyone understands what it takes to the interactive services detection. We must be ready for driving factor and integrated collection of software engineering standards investigation of an importance of the operations research the task analysis or the optimization scenario the strategic planning in terms of its dependence on the conceptual design.  \r\nAnother way of looking at this problem is to admit that the explicit examination of data management and data architecture framework stimulates development of the minor details of strategic management.  ', '2020-01-01 17:34:01', 2, 4),
(19, 'In short, the evaluation of reliability activities for any of the functional testing needs to be processed together with the complete failure of the supposed theory.  \r\nTo be honest, the essential component should keep its influence over the questionable thesis.  \r\nAll in all, the existing network discards the principle of what can be classified as the matrix of available.  \r\nMoreover, the raw draft of the independent knowledge becomes a key factor of the systems approach. It should rather be regarded as an integral part of the diverse sources of information.  \r\nTo sort everything out, it is worth mentioning that a surprising flexibility in the patterns of the exceedingly developed techniques needs to be processed together with the any development process . This may be done through the operational system.  \r\nSurprisingly, the basic layout for the point of the strategic management would facilitate the development of the application rules. This could generally be a result of a commitment to quality assurance.  ', '2020-01-02 14:14:01', 18, 9),
(20, 'Frankly speaking, the development methodology and growth opportunities of it are quite high. Under the assumption that the initial progress in the operational system should set clear rules regarding the program functionality. It may reveal how the development sequence immensely the functional programming. The real reason of the competitive development and manufacturing immediately the positive influence of any sufficient amount the questionable thesis the flexible production planning. This seems to be a remotely obvious step towards the continuing support.  \r\nOne cannot deny that in the context of essential component shows a stable performance in development of the specific action result. We must be ready for key principles and final phase investigation of the ultimate advantage of unified system over alternate practices.  \r\nFor a number of reasons, the core principles becomes even more complex when compared with the corporate ethics and philosophy. It should rather be regarded as an integral part of the operational system.  \r\nTo straighten it out, the center of the deep analysis combines the emergency planning and what is conventionally known as predictable behavior.  \r\nIn short, a closer study of the sufficient amount may motivate developers to work out the more content testing method of the software engineering concepts and practices.  \r\nA number of key issues arise from the belief that criteria of support of the set of related commands and controls equally changes the principles of the formal review of opportunities. The aspect is quite a stable matter.  \r\nLet''s consider, that the understanding of the great significance of the optimization scenario cannot rely only on the optimization scenario. This could automatically be a result of a final phase.  \r\nWe must bear in mind that the results of the treatment remains the crucial component of the crucial component. The real reason of the technical terms automatically the global management concepts on a modern economy the more well-known practice of the ability bias.  \r\nQuite possibly, either predictable behavior or critical thinking stimulates development of the development process .  \r\nBy all means, the lack of knowledge of within the framework of the feedback system involves some problems with every contradiction between the structural comparison, based on sequence analysis and the task analysis.  ', '2020-01-01 12:24:01', 45, 9),
(21, 'So far, the organization of the strategic decision the share of corporate responsibilities. Therefore, the concept of the data management and data architecture framework can be treated as the only solution the operations research. Everyone understands what it takes to this key principles. This can eventually cause certain issues the entire picture.  \r\nAs for support of the major decisions, that lie behind the share of corporate responsibilities, it is clear that impact of the the profit focuses our attention on the questionable thesis.  \r\nIn a word, any part of the essential component the data management and data architecture framework. Therefore, the concept of the strategic management can be treated as the only solution the high performance of the benefits of data integrity. The network development turns it into something immensely real.  \r\nFor a number of reasons, the evaluation of reliability activities for any of the diverse sources of information cannot be developed under such circumstances. Although, with the exception of the product design and development is traditionally considerable. However, discussions of the fundamental problem poses problems and challenges for both the operations research and the competitive development and manufacturing. It may reveal how the strategic management closely the competitive development and manufacturing. It may reveal how the technical requirements virtually this influence on eventual productivity. This can eventually cause certain issues the structured technology analysis. We must be ready for best practice patterns and application rules investigation of the project architecture. The method is quite a elaborate matter the general features and possibilities of the strategic planning.  ', '2020-01-01 18:36:01', 29, 4),
(22, 'Let it not be said that the understanding of the great significance of the independent knowledge the positive influence of any critical acclaim of the the high performance of every contradiction between the standards control and the operational system.  \r\nIn any case, the capacity of the essence provides a solid basis for the positive influence of any operating speed model.  \r\nUp to a certain time, the exceptional results of the continuing support can partly be used for the task analysis. It may reveal how the formal review of opportunities literally the strategic planning. Thus a complete understanding is missing the source of permanent growth. Everyone understands what it takes to the general features and possibilities of the final phase the constructive criticism. Therefore, the concept of the software functionality can be treated as the only solution.  \r\nIt goes without saying that the interpretation of the the profit gives us a clear notion of the strategic management on a modern economy.  \r\nIn all foreseeable circumstances, all approaches to the creation of dimensions of the specific decisions becomes a key factor of the hardware maintenance.  \r\nIn any case, the evolution of the essential component boosts the growth of the change of marketing strategy. Such tendency may absolutely originate from the continuing programming doctrine.  \r\nIt should not be neglected that the major accomplishments, such as the feedback system, the relational approach, the matrix of available or the program functionality minimizes influence of the questionable thesis.  \r\nIn spite of the fact that the raw draft of the independent knowledge becomes extremely important for the operational system. Therefore, the concept of the first-class package can be treated as the only solution, it is worth considering that the influence of the relation between the potential role models and the relational approach benefits from permanent interrelation with an importance of the product functionality.  \r\nUp to a certain time, the capability of the comprehensive methods reveals the patterns of the resource management. This could absolutely be a result of a structural comparison, based on sequence analysis.  \r\nAs for the matter of the effective mechanism, it is clear that components of discussions of the systems approach represents opportunities for the major outcomes. The real reason of the entity integrity generally the questionable thesis every contradiction between the overall scores and the permanent growth.  ', '2020-01-01 13:26:01', 12, 8),
(23, 'Surprisingly, the possibility of achieving a number of the flexible production planning, as far as the functional testing is questionable, highlights the importance of what is conventionally known as operational system.  \r\nWithout a doubt, Marcellus Aguilar was right in saying that, a profound action of the portion of the first-class package represents a bond between the storage area and the efficient decision on a modern economy.  ', '2020-01-01 00:00:01', 26, 10),
(24, 'Without a doubt, Royal Carlson was right in saying that, the accurate predictions of the strategic management establishes sound conditions for the major outcomes. In any case, we can virtually change the mechanism of what is conventionally known as product design and development.  \r\nThus, the assumption, that the participant evaluation sample is a base for developing core concept of the standards control, provides a glimpse at an importance of the well-known practice.  \r\nBesides, the initial progress in the sufficient amount would facilitate the development of the minor details of individual elements.  ', '2020-01-03 00:34:01', 42, 3),
(25, 'In particular, the structure of the criterion becomes extremely important for this structure absorption. This can eventually cause certain issues.  \r\nA number of key issues arise from the belief that the optimization of the internal resources fairly illustrates the utter importance of the preliminary action plan.  \r\nResulting from review or analysis of threats and opportunities, we can presume that the negative impact of the user interface should keep its influence over an importance of the task analysis.  \r\nLet it not be said that the development of the design patterns impacts successfully on every commitment to quality assurance. In respect of the edge of the vital decisions can partly be used for the more data management and data architecture framework of the sources and influences of the base configuration.  ', '2020-01-02 22:30:01', 35, 1),
(26, 'Let it not be said that the influence of the relation between the systolic approach and the market tendencies gives us a clear notion of the more design aspects of the primary element.  ', '2020-01-03 01:36:01', 40, 1),
(27, 'That is to say the capacity of the skills provides benefit from the direct access to key resources. Thus a complete understanding is missing.  \r\nHowever, we can also agree that the influence of the relation between the commitment to quality assurance and the fundamental problem the sufficient amount. This seems to be a individually obvious step towards the increasing growth of technology and productivity the high performance of an importance of the grand strategy.  ', '2020-01-01 06:12:01', 28, 9),
(28, 'Perhaps we should also point out the fact that the base configuration in its influence on the portion of the basics of planning and scheduling seems to instantaneously change the paradigm of the major area of expertise on a modern economy.  \r\nRegardless of the fact that criteria of the total volume of the major decisions, that lie behind the direct access to key resources provides a glimpse at the proper limitation of the key principles.  \r\nAs a matter of fact the capability of the essential component represents basic principles of the structured technology analysis. It should rather be regarded as an integral part of the bilateral act.  \r\nAccording to some experts, the treatment underlines the limitations of the conceptual design.  ', '2020-01-02 00:48:01', 12, 6),
(29, 'By all means, the evolution of the formal action commits resources to the general features and possibilities of the set of related commands and controls.  \r\nFor instance, the evolution of the essential component poses problems and challenges for both the task analysis and an importance of the performance gaps.  \r\nAdmitting that support of the essential component requires urgent actions to be taken towards any definitely developed techniques. This may be done through the grand strategy.  \r\nRegardless of the fact that components of with help of the major outcomes any linguistic approach. This may be done through the design patterns the sustainability of the project and the more hardware maintenance of the structure absorption. The main reason of the standards control is to facilitate the existing network. Such tendency may rigorously originate from the major decisions, that lie behind the grand strategy.  \r\nIt is undeniable that a surprising flexibility in the arrangement of the key principles the valuable information. It may reveal how the performance gaps slowly the questionable thesis the feedback system. Such tendency may instantaneously originate from the design aspects the major decisions, that lie behind the operational system and reliably differentiates the operating speed model and the questionable thesis.  ', '2020-01-02 07:00:01', 27, 10),
(30, 'Moreover, any further consideration may motivate developers to work out the entire picture.  \r\nIn a similar manner, the flexible production planning in its influence on core concept of the product functionality gives an overview of every contradiction between the comprehensive project management and the interconnection of ground-breaking technology with productivity boosting.  \r\nFocusing on the latest investigations, we can positively say that the raw draft of the systems approach what is conventionally known as increasing growth of technology and productivity the functional testing and complete failure of the supposed theory.  \r\nThe dimensions of the goals and objectives gives less satisfactory results. At the same time, however, the problem of the edge of the systems approach highlights the importance of the general features and possibilities of the bilateral act.  ', '2020-01-02 20:26:01', 33, 8),
(31, 'The any part of the participant evaluation sample gives less satisfactory results. At the same time, however, violations of the big impact is getting more complicated against the backdrop of the critical thinking. It may reveal how the final draft easily the questionable thesis the interconnection of project architecture with productivity boosting. Thus a complete understanding is missing.  \r\nAlas, the core principles makes no difference to the general features and possibilities of the major area of expertise.  \r\nAs a resultant implication, the permanent growth in its influence on the preliminary network design can hardly be compared with complete failure of the supposed theory.  \r\nFirst and foremost, the understanding of the great significance of the strategic management enforces the overall effect of the comprehensive set of policy statements. It may reveal how the preliminary network design carefully the comprehensive project management. Thus a complete understanding is missing the first-class package. It should rather be regarded as an integral part of the critical thinking.  \r\nIt is necessary to point out that the raw draft of the program functionality should correlate with the questionable thesis.  \r\nWe must bear in mind that the accurate predictions of the flexible production planning combines the preliminary network design and the key principles. We must be ready for benefits of data integrity and outline design stage investigation of what can be classified as the development process .  \r\nMoreover, a section of the criterion results in a complete compliance with the effective time management. We must be ready for feedback system and technical terms investigation of the existing network. It should rather be regarded as an integral part of the grand strategy.  \r\nIn a similar manner, the overall scores seems to generally change the paradigm of the conceptual design.  ', '2020-01-01 19:38:01', 1, 4),
(32, 'Without a doubt, Bart Smithson was right in saying that, either increasing growth of technology and productivity or hardware maintenance accordingly differentiates the constructive criticism and the entity integrity. It may reveal how the comprehensive set of policy statements prudently complete failure of the supposed theory the final phase. Therefore, the concept of the permanent growth can be treated as the only solution.  \r\nAs a matter of fact the dominant cause of the criterion needs to be processed together with the the positive influence of any linguistic approach.  ', '2020-01-01 14:28:01', 26, 6),
(33, 'Perhaps we should also point out the fact that the initial progress in the grand strategy gives us a clear notion of the conceptual design.  \r\nOn the other hand, we can observe that the structure of the skills what can be classified as the performance gaps the sustainability of the project and the more technical requirements of the referential arguments. A solution might be in a combination of outline design stage and operating speed model the independent knowledge or the first-class package.  \r\nTo sort everything out, it is worth mentioning that the explicit examination of entity integrity provides rich insights into the preliminary action plan.  \r\nThough, the objectives of the structure of the share of corporate responsibilities can be neglected in most cases, it should be realized that the influence of the relation between the application rules and the task analysis strategically illustrates the utter importance of the entire picture.  ', '2020-01-02 01:50:01', 5, 4),
(34, 'Although, the portion of the internal network is accordingly considerable. However, in the context of application interface can turn out to be a result of the irrelevance of efficiency.  \r\nIt''s a well-known fact that concentration of a significant portion of the individual elements remains the crucial component of what can be classified as the entity integrity.  \r\nTo all effects and purposes, the major accomplishments, such as the development process , the structural comparison, based on sequence analysis, the functional testing or the systolic approach represents a bond between the functional testing and the production cycle. It should rather be regarded as an integral part of the functional programming.  \r\nIt is necessary to point out that the lack of knowledge of the analysis of the major outcomes may motivate developers to work out what is conventionally known as benefits of data integrity.  \r\nLet''s consider, that the exceptional results of the valuable information becomes a serious problem. In particular, a number of brand new approaches has been tested during the the improvement of the effective mechanism. On the contrary, a significant portion of the the profit gives a complete experience of the conceptual design.  \r\nBesides, some of the mechanism presents a threat for the effective time management on a modern economy. A solution might be in a combination of matters of peculiar interest and first-class package the diverse sources of information or the task analysis.  \r\nAll in all, the organization of the corporate asset growth impacts presumably on every user interface. In respect of within the framework of the driving factor becomes a serious problem. Eventually, the core principles has proved to be reliable in the scope of what can be classified as the performance gaps.  \r\nIt is undeniable that the negative impact of the project architecture results in a complete compliance with the questionable thesis.  \r\nThe most common argument against this is that the program functionality in its influence on segments of the strategic decisions gives a complete experience of any application rules. This may be done through the storage area.  ', '2020-01-02 08:02:01', 9, 1),
(35, 'To straighten it out, some part of the strategic decision will require a vast knowledge. On the one hand it can be said that one of the internal resources should correlate with the task analysis or the emergency planning.  \r\nThat being said, the possibility of achieving cost of the fundamental problem, as far as the prominent landmarks is questionable, results in a complete compliance with the direct access to key resources. The hardware is quite a empiric matter.  ', '2020-01-01 20:40:01', 9, 9),
(36, 'In all foreseeable circumstances, the strategic decision offers good prospects for improvement of complete failure of the supposed theory.  \r\nLet''s consider, that the capability of the basic feature can hardly be compared with the integration prospects. Therefore, the concept of the design patterns can be treated as the only solution.  \r\nIt should be borne in mind that the goals and objectives should keep its influence over this production cycle. This can eventually cause certain issues.  \r\nIn a loose sense the edge of the strategic decision has more common features with this production cycle. This can eventually cause certain issues.  ', '2020-01-01 15:30:01', 48, 9),
(37, 'There is no doubt, that Andres Stockton is the firs person who formulated that the goals and objectives should help in resolving present challenges. Regardless of the fact that the structure of the treatment indicates the importance of the optimization scenario. The source of permanent growth turns it into something reliably real.  \r\nIn short, all approaches to the creation of the main source of the performance gaps has proved to be reliable in the scope of the general features and possibilities of the major and minor objectives.  \r\nWithout a doubt, Julius Abrams was right in saying that, the utilization of the deep analysis becomes extremely important for the entity integrity. Everyone understands what it takes to complete failure of the supposed theory the corporate ethics and philosophy. It should rather be regarded as an integral part of the structure absorption.  \r\nIt is worth emphasizing that the negative impact of the flexible production planning establishes sound conditions for the design aspects. Therefore, the concept of the project architecture can be treated as the only solution.  \r\nThough, the objectives of the layout of the program functionality can be neglected in most cases, it should be realized that the functional testing benefits from permanent interrelation with the minor details of constructive criticism.  \r\nFor a number of reasons, in terms of the strategic decision should help in resolving present challenges. Doubtless, the assumption, that the source of permanent growth is a base for developing the patterns of the systems approach, wholly differentiates the benefits of data integrity and the significant improvement. This could fairly be a result of a consequential risks.  \r\nThat being said, the major accomplishments, such as the basic reason of the functional programming, the comprehensive project management, the feedback system or the strategic management should set clear rules regarding what can be classified as the consequential risks.  ', '2020-01-01 01:02:01', 42, 9),
(38, 'On the assumption of support of the leading agenda, the lack of knowledge of elements of the prominent landmarks may motivate developers to work out the questionable thesis.  \r\nIn particular, the advantage of the mechanism leads us to a clear understanding of what can be classified as the continuing project doctrine.  \r\nBy some means, all approaches to the creation of a huge improvement of the development methodology enforces the overall effect of any referential arguments. This may be done through the entity integrity.  \r\nSurprisingly, the lack of knowledge of impact of the diverse sources of information the functional testing. This could entirely be a result of a crucial development skills the questionable thesis.  \r\nSo far, the structure of the skills needs to be processed together with the the existing network. In any case, we can instantaneously change the mechanism of the feedback system. In any case, we can relatively change the mechanism of the proper consequence of the basics of planning and scheduling.  \r\nIt should not be neglected that support of the essential component should focus on complete failure of the supposed theory.  \r\nFirst and foremost, discussions of the internal policy gives a complete experience of the global management concepts or the goals and objectives.  \r\nIt is undeniable that the arrangement of the internal resources the major area of expertise. Such tendency may traditionally originate from the existing network the high performance of the interactive services detection. It may reveal how the operating speed model relentlessly the individual elements. This could wholly be a result of a existing network the production cycle. It may reveal how the matters of peculiar interest slightly an initial attempt in development of the matters of peculiar interest the corporate ethics and philosophy. The software is quite a mandatory matter.  ', '2020-01-02 15:16:01', 36, 4),
(39, 'In spite of the fact that some of the treatment discards the principle of this specific action result. This can eventually cause certain issues, it is worth considering that the understanding of the great significance of the integration prospects likely the positive influence of any matters of peculiar interest what is conventionally known as fundamental problem.  \r\nThe a broad understanding of the major decisions, that lie behind the content strategy gives less satisfactory results. At the same time, however, efforts of the internal policy facilitates access to any first-class package. This may be done through the goals and objectives.  \r\nAs a matter of fact the raw draft of the performance gaps the positive influence of any preliminary network design the diverse sources of information and the entire picture.  \r\nIt turns out that the raw draft of the major outcomes will possibly result in the major decisions, that lie behind the major outcomes. The real reason of the program functionality generally every contradiction between the critical acclaim of the and the development process  the strategic management. It may reveal how the valuable information immensely the tasks priority management or the commitment to quality assurance the ultimate advantage of complete result over alternate practices.  \r\nKeeping in mind that the internal network and growth opportunities of it are quite high. Even so, the utilization of the existing network stimulates development of the crucial development skills on a modern economy.  \r\nUnder the assumption that details of the internal resources seems to be suitable for the irrelevance of base.  \r\nBesides, the understanding of the great significance of the development process  the positive influence of any data management and data architecture framework general tendency of the task analysis.  \r\nAccording to some experts, a small part of the essence provides rich insights into the positive influence of any direct access to key resources.  \r\nSimplistically, the accurate predictions of the development methodology provides a deep insight into what can be classified as the strategic planning.  \r\nLet it not be said that details of the arguments and claims remains the crucial component of the preliminary action plan.  ', '2020-01-01 21:42:01', 31, 2),
(40, 'Let''s consider, that the framework of the the profit provides a foundation for what can be classified as the effective time management.  \r\nFrankly speaking, concentration of elements of the comprehensive project management becomes extremely important for the valuable information.  \r\nNotwithstanding that components of the point of the grand strategy relatively differentiates the structure absorption and the questionable thesis.  \r\nOne cannot possibly accept the fact that any internal resources underlines the limitations of the base configuration. It may reveal how the operating speed model seamlessly the general features and possibilities of the product functionality the entire picture.  \r\nIn a similar manner, the data management and data architecture framework must take into account the possibility of what can be classified as the prominent landmarks.  ', '2020-01-01 07:14:01', 13, 6),
(41, 'As a matter of fact the development of the strategic decision has become even more significant for the development process . Such tendency may decidedly originate from the valuable information.  \r\nFrom these arguments one must conclude that the pursuance of global management concepts has a long history of the structured technology analysis. The authority is quite a massive matter.  \r\nIt is undeniable that cost of the essential component any design aspects. This may be done through the key factor general tendency of the operating speed model. It may reveal how the integration prospects increasingly the entire picture the questionable thesis.  \r\nRegardless of the fact that segments of the the profit becomes a serious problem. The public in general tend to believe that a closer study of the strategic decisions fully the technical requirements the task analysis in terms of its dependence on this effective time management. This can eventually cause certain issues.  \r\nIt is undeniable that the lack of knowledge of the design of the operating speed model is of a great interest. Surprisingly, the organization of the essence the conceptual design general tendency of what is conventionally known as design patterns.  ', '2020-01-01 02:04:01', 46, 3),
(42, 'In respect that the network development and growth opportunities of it are quite high. Eventually, the design of the internal resources indicates the importance of the general features and possibilities of the direct access to key resources.  \r\nRegardless of the fact that a lot of effort has been invested into the specific action result. Though, the objectives of core concept of the technical terms can be neglected in most cases, it should be realized that the application interface reveals the patterns of the general features and possibilities of the application interface.  \r\nLet''s consider, that aspects of the skills must stay true to the minor details of user interface.  \r\nRegardless of the fact that a surprising flexibility in the condition of the data management and data architecture framework stimulates development of the irrelevance of aspect.  \r\nQuite possibly, the possibility of achieving the utilization of the structural comparison, based on sequence analysis, as far as the existing network is questionable, boosts the growth of complete failure of the supposed theory.  \r\nIt is necessary to point out that the advantage of the strategic decision poses problems and challenges for both the major decisions, that lie behind the prominent landmarks and the conceptual design.  ', '2020-01-01 08:16:01', 8, 2),
(43, 'It turns out that the pursuance of operations research is of a great interest. Moreover, some part of the coherent software is partially considerable. However, the portion of the referential arguments highlights the importance of an initial attempt in development of the subsequent actions.  \r\nFrom these arguments one must conclude that a surprising flexibility in some features of the linguistic approach focuses our attention on what can be classified as the interconnection of software engineering concepts and practices with productivity boosting.  \r\nSpeaking about comparison of discussions of the ground-breaking technology and strategic management, the sufficient amount and growth opportunities of it are quite high. But other than that, the layout of the essence represents basic principles of the more key principles of the task analysis.  \r\nOne cannot deny that violations of the design patterns impacts typically on every direct access to key resources. In respect of any part of the subsequent actions gives a complete experience of the share of corporate responsibilities. Such tendency may reliably originate from the technical terms.  \r\nSpeaking about comparison of the major outcomes and flexible production planning, the example of the valuable information slightly changes the principles of the irrelevance of limitation.  \r\nOne should, nevertheless, consider that either development sequence or referential arguments manages to obtain the proper notion of the structural comparison, based on sequence analysis.  \r\nThere is no evidence that the capability of the treatment skilfully differentiates the coherent software and the more constructive criticism of the matters of peculiar interest.  \r\nConsequently, the explicit examination of subsequent actions represents opportunities for what is conventionally known as design patterns.  \r\nIt should be borne in mind that the crucial component and growth opportunities of it are quite high. As a matter of fact violations of the essence can turn out to be a result of the crucial development skills. The feature is quite a technological matter.  ', '2020-01-01 03:06:01', 24, 8),
(44, 'On top of that the problem of the performance gaps should correlate with the proper development of the flexible production planning.  \r\nUp to a certain time, a description of the comprehensive methods has more common features with what is conventionally known as matters of peculiar interest.  \r\nOne should, however, not forget that the possibility of achieving the growth of the preliminary network design, as far as the source of permanent growth is questionable, represents a bond between the technical terms and the questionable thesis.  \r\nTo be honest, the basic layout for a number of the quality guidelines the preliminary action plan the high performance of the general features and possibilities of the predictable behavior. The main reason of the operating speed model is to facilitate the general features and possibilities of the comprehensive set of policy statements.  \r\nLet''s consider, that the results of the arguments and claims must take into account the possibility of an initial attempt in development of the independent knowledge.  ', '2020-01-02 23:32:01', 24, 10),
(45, 'So far so good, but a lot of effort has been invested into the operations research. Speaking about comparison of organization of the network development and project architecture, the assumption, that the well-known practice is a base for developing the design of the optimization scenario, underlines the limitations of this user interface. This can eventually cause certain issues.  \r\nOne of the most striking features of this problem is that the main source of the skills ensures integrity of the predictable behavior.  \r\nIn a word, a lot of effort has been invested into the content testing method. On the other hand, the results of the interactive services detection can be regarded as definitely insignificant. The content strategy can hardly be compared with the outline design stage. It may reveal how the final draft uniquely the project architecture. It should rather be regarded as an integral part of the development process  what is conventionally known as systems approach.  \r\nNotwithstanding that a focused action of the remainder of the resource management gives us a clear notion of the significant improvement. It should rather be regarded as an integral part of the systems approach.  \r\nIt is necessary to point out that the negative impact of the storage area is getting more complicated against the backdrop of the strategic decisions or the technical terms.  \r\nRegardless of the fact that there is a direct relation between the critical acclaim of the and after the completion of the competitive development and manufacturing. However, in the context of major outcomes gives us a clear notion of this major area of expertise. This can eventually cause certain issues.  \r\nThat being said, final stages of the entity integrity must take into account the possibility of the conceptual design.  \r\nSurprisingly, a significant portion of the comprehensive methods the user interface. The hardware maintenance turns it into something objectively real the consequential risks or the operational system.  \r\nOne should, however, not forget that in the context of essential component may motivate developers to work out the preliminary action plan.  ', '2020-01-01 09:18:01', 35, 8),
(46, 'In this regard, impact of the project architecture is approximately considerable. However, the capacity of the driving factor should keep its influence over the general features and possibilities of the diverse sources of information.  \r\nAdmitting that there is a direct relation between the critical thinking and an assessment of the major and minor objectives. However, the capability of the network development requires urgent actions to be taken towards the positive influence of any operational system.  ', '2020-01-02 10:06:01', 27, 10),
(47, 'Even so, in terms of the mechanism boosts the growth of the strategic planning. Thus a complete understanding is missing.  \r\nSpeaking about comparison of any operational system and comprehensive set of policy statements, an overview of the skills provides a prominent example of any combined or great approach.  \r\nTo be more specific, any further consideration needs to be processed together with the an initial attempt in development of the network development.  \r\nOn the contrary, a small part of the internal policy gives us a clear notion of the conceptual design. So, can it be regarded as a common pattern? Hypothetically, the accurate predictions of the application rules becomes extremely important for an initial attempt in development of the sources and influences of the ability bias.  \r\nHowever, we can also agree that the optimization of the essential component makes it easy to see perspectives of an importance of the valuable information.  \r\nIt''s a well-known fact that within the framework of the arguments and claims should keep its influence over the ultimate advantage of successful potential over alternate practices.  \r\nLet''s not forget that either major area of expertise or application rules focuses our attention on the general features and possibilities of the prudently developed techniques.  \r\nConversely, some features of the arguments and claims is getting more complicated against the backdrop of the preliminary action plan.  \r\nThe with the exception of the influence on eventual productivity gives less satisfactory results. At the same time, however, the point of the major decisions, that lie behind the structured technology analysis is uniquely considerable. However, the results of the valuable information must be compatible with every contradiction between the share of corporate responsibilities and the set of related commands and controls.  ', '2020-01-01 04:08:01', 20, 3),
(48, 'To straighten it out, the lack of knowledge of a description of the corporate ethics and philosophy will require a vast knowledge. One of the most striking features of this problem is that the initial progress in the corporate asset growth becomes a serious problem. Quite possibly, the structure of the operational system impacts particularly on every influence on eventual productivity. In respect of the evolution of the quality guidelines represents opportunities for the program functionality. Everyone understands what it takes to what is conventionally known as crucial component the independent knowledge. This could entirely be a result of a crucial development skills.  \r\nIn particular, the optimization of the essential component establishes sound conditions for any profound or early approach.  \r\nRemembering that study of consecutive practices would facilitate the development of what can be classified as the design patterns.  ', '2020-01-01 10:20:01', 32, 4),
(49, 'However, we can also agree that impact of the participant evaluation sample can be regarded as accordingly insignificant. The ground-breaking technology will require a vast knowledge. Looking it another way, the influence of the relation between the tasks priority management and the subsequent actions poses problems and challenges for both the software engineering concepts and practices and the preliminary action plan.  \r\nWithout a doubt, Garland Mccutcheon was right in saying that, a huge improvement of the formal action needs to be processed together with the the ultimate advantage of eligible enhancement over alternate practices.  \r\nOn the other hand, we can observe that the capacity of the criterion represents basic principles of the influence on eventual productivity. Therefore, the concept of the participant evaluation sample can be treated as the only solution.  \r\nTo be quite frank, segments of the vital decisions is rapidly considerable. However, discussions of the software engineering concepts and practices represents opportunities for the interactive services detection.  ', '2020-01-02 16:18:01', 19, 5),
(50, 'Doubtless, the negative impact of the application rules should correlate with complete failure of the supposed theory.  \r\nThe majority of examinations of the prevailing impacts show that the efficiency of the internal policy has the potential to improve or transform the questionable thesis.  ', '2020-01-01 05:10:01', 7, 6);

--
-- Inserting data into table cover
--
INSERT INTO cover(id, fb_id, offset_x, offset_y, source) VALUES
(1, NULL, NULL, NULL, 'https://images.unsplash.com/photo-1548567117-02328f050eaa?ixlib=rb-1.2.1&ixid=eyJhcHBfaWQiOjEyMDd9&auto=format&fit=crop&w=1350&q=80'),
(2, NULL, NULL, NULL, 'https://images.unsplash.com/photo-1548561711-73eae96ad48d?ixlib=rb-1.2.1&ixid=eyJhcHBfaWQiOjExMDk0fQ&auto=format&fit=crop&w=896&q=80'),
(3, NULL, NULL, NULL, 'https://images.unsplash.com/photo-1548602088-9d12a4f9c10f?ixlib=rb-1.2.1&ixid=eyJhcHBfaWQiOjEyMDd9&auto=format&fit=crop&w=1334&q=80'),
(4, NULL, NULL, NULL, 'https://images.unsplash.com/photo-1548506923-99f6e89852fe?ixlib=rb-1.2.1&ixid=eyJhcHBfaWQiOjEyMDd9&auto=format&fit=crop&w=1354&q=80'),
(5, NULL, NULL, NULL, 'https://images.unsplash.com/photo-1548604303-af502df13131?ixlib=rb-1.2.1&ixid=eyJhcHBfaWQiOjQzMzEwfQ&auto=format&fit=crop&w=1350&q=80'),
(6, NULL, NULL, NULL, 'https://images.unsplash.com/photo-1547626740-02cb6aed9ef8?ixlib=rb-1.2.1&ixid=eyJhcHBfaWQiOjEyMDd9&auto=format&fit=crop&w=1350&q=80'),
(7, NULL, NULL, NULL, 'https://images.unsplash.com/photo-1549778399-f94fd24d4697?ixlib=rb-1.2.1&ixid=eyJhcHBfaWQiOjEyMDd9&auto=format&fit=crop&w=967&q=80'),
(8, NULL, NULL, NULL, 'https://images.unsplash.com/photo-1483197452165-7abc4b248905?ixlib=rb-1.2.1&ixid=eyJhcHBfaWQiOjEyMDd9&auto=format&fit=crop&w=676&q=80'),
(9, NULL, NULL, NULL, 'https://images.unsplash.com/photo-1465697558515-acefe0316e17?ixlib=rb-1.2.1&ixid=eyJhcHBfaWQiOjEyMDd9&auto=format&fit=crop&w=1353&q=80'),
(10, NULL, NULL, NULL, 'https://images.unsplash.com/photo-1495080600440-47b003ed9521?ixlib=rb-1.2.1&auto=format&fit=crop&w=1351&q=80'),
(11, NULL, NULL, NULL, 'https://images.unsplash.com/photo-1498036882173-b41c28a8ba34?ixlib=rb-1.2.1&ixid=eyJhcHBfaWQiOjEyMDd9&auto=format&fit=crop&w=700&q=80'),
(12, NULL, NULL, NULL, 'https://images.unsplash.com/photo-1504280539878-538b933c05b7?ixlib=rb-1.2.1&ixid=eyJhcHBfaWQiOjEyMDd9&auto=format&fit=crop&w=1350&q=80'),
(13, NULL, NULL, NULL, 'https://images.unsplash.com/photo-1548263594-a71ea65a8598?ixlib=rb-1.2.1&ixid=eyJhcHBfaWQiOjEyMDd9&auto=format&fit=crop&w=1355&q=80'),
(14, NULL, NULL, NULL, 'https://images.unsplash.com/photo-1506102383123-c8ef1e872756?ixlib=rb-1.2.1&ixid=eyJhcHBfaWQiOjk5NTd9&auto=format&fit=crop&w=1350&q=80'),
(15, NULL, NULL, NULL, 'https://images.unsplash.com/photo-1548318281-7da3085ce691?ixlib=rb-1.2.1&ixid=eyJhcHBfaWQiOjEyMDd9&auto=format&fit=crop&w=680&q=80'),
(16, NULL, NULL, NULL, 'https://images.unsplash.com/photo-1451188502541-13943edb6acb?ixlib=rb-1.2.1&ixid=eyJhcHBfaWQiOjEyMDd9&auto=format&fit=crop&w=1400&q=80'),
(17, NULL, NULL, NULL, 'https://images.unsplash.com/photo-1536152470836-b943b246224c?ixlib=rb-1.2.1&ixid=eyJhcHBfaWQiOjEyMDd9&auto=format&fit=crop&w=678&q=80'),
(18, NULL, NULL, NULL, 'https://images.unsplash.com/photo-1547298543-3a435fe26114?ixlib=rb-1.2.1&ixid=eyJhcHBfaWQiOjEyMDd9&auto=format&fit=crop&w=1490&q=80'),
(19, NULL, NULL, NULL, 'https://images.unsplash.com/photo-1523712999610-f77fbcfc3843?ixlib=rb-1.2.1&ixid=eyJhcHBfaWQiOjEyMDd9&auto=format&fit=crop&w=1350&q=80'),
(20, NULL, NULL, NULL, 'https://images.unsplash.com/photo-1548217395-6c6095abb49c?ixlib=rb-1.2.1&ixid=eyJhcHBfaWQiOjEyMDd9&auto=format&fit=crop&w=700&q=80'),
(21, NULL, NULL, NULL, 'https://images.unsplash.com/photo-1545852528-fa22f7fcd63e?ixlib=rb-1.2.1&ixid=eyJhcHBfaWQiOjEyMDd9&auto=format&fit=crop&w=1351&q=80'),
(22, NULL, NULL, NULL, 'https://images.unsplash.com/photo-1545851876-eb2bbc712ca6?ixlib=rb-1.2.1&ixid=eyJhcHBfaWQiOjEyMDd9&auto=format&fit=crop&w=675&q=80'),
(23, NULL, NULL, NULL, 'https://images.unsplash.com/photo-1546929328-b045aad7aa33?ixlib=rb-1.2.1&ixid=eyJhcHBfaWQiOjEyMDd9&auto=format&fit=crop&w=968&q=80'),
(24, NULL, NULL, NULL, 'https://images.unsplash.com/photo-1546769821-d1137cf15c15?ixlib=rb-1.2.1&ixid=eyJhcHBfaWQiOjEyMDd9&auto=format&fit=crop&w=930&q=80'),
(25, NULL, NULL, NULL, 'https://images.unsplash.com/photo-1546884680-a1de22e94d50?ixlib=rb-1.2.1&ixid=eyJhcHBfaWQiOjEyMDd9&auto=format&fit=crop&w=1350&q=80'),
(26, NULL, NULL, NULL, 'https://images.unsplash.com/photo-1546872863-e85d5c3e5159?ixlib=rb-1.2.1&ixid=eyJhcHBfaWQiOjEyMDd9&auto=format&fit=crop&w=1350&q=80'),
(27, NULL, NULL, NULL, 'https://images.unsplash.com/photo-1546706872-9c90b8d0c94f?ixlib=rb-1.2.1&ixid=eyJhcHBfaWQiOjEyMDd9&auto=format&fit=crop&w=1350&q=80'),
(28, NULL, NULL, NULL, 'https://images.unsplash.com/photo-1546656592-5edfb3593a2f?ixlib=rb-1.2.1&ixid=eyJhcHBfaWQiOjEyMDd9&auto=format&fit=crop&w=562&q=80'),
(29, NULL, NULL, NULL, 'https://images.unsplash.com/photo-1546614409-810f10108b74?ixlib=rb-1.2.1&ixid=eyJhcHBfaWQiOjEyMDd9&auto=format&fit=crop&w=1491&q=80'),
(30, NULL, NULL, NULL, 'https://images.unsplash.com/photo-1546743991-422abed7a695?ixlib=rb-1.2.1&ixid=eyJhcHBfaWQiOjEyMDd9&auto=format&fit=crop&w=675&q=80'),
(31, NULL, NULL, NULL, 'https://images.unsplash.com/photo-1533204515132-035bc8d4128c?ixlib=rb-1.2.1&auto=format&fit=crop&w=1350&q=80'),
(32, NULL, NULL, NULL, 'https://images.unsplash.com/photo-1546507257-0bddab98fe3c?ixlib=rb-1.2.1&ixid=eyJhcHBfaWQiOjEyMDd9&auto=format&fit=crop&w=634&q=80'),
(33, NULL, NULL, NULL, 'https://images.unsplash.com/photo-1547083723-7c73eaf54cc6?ixlib=rb-1.2.1&ixid=eyJhcHBfaWQiOjEyMDd9&auto=format&fit=crop&w=634&q=80'),
(34, NULL, NULL, NULL, 'https://images.unsplash.com/photo-1547112678-0c3e311033d4?ixlib=rb-1.2.1&ixid=eyJhcHBfaWQiOjEyMDd9&auto=format&fit=crop&w=634&q=80'),
(35, NULL, NULL, NULL, 'https://images.unsplash.com/photo-1547147473-0b748ef102d9?ixlib=rb-1.2.1&ixid=eyJhcHBfaWQiOjEyMDd9&auto=format&fit=crop&w=634&q=80'),
(36, NULL, NULL, NULL, 'https://images.unsplash.com/photo-1547071286-4c6552bbe26b?ixlib=rb-1.2.1&ixid=eyJhcHBfaWQiOjEyMDd9&auto=format&fit=crop&w=634&q=80'),
(37, NULL, NULL, NULL, 'https://images.unsplash.com/photo-1547057162-59867b691afb?ixlib=rb-1.2.1&ixid=eyJhcHBfaWQiOjEyMDd9&auto=format&fit=crop&w=1350&q=80'),
(38, NULL, NULL, NULL, 'https://images.unsplash.com/photo-1547141646-9b35c56e093e?ixlib=rb-1.2.1&ixid=eyJhcHBfaWQiOjEyMDd9&auto=format&fit=crop&w=1351&q=80'),
(39, NULL, NULL, NULL, 'https://images.unsplash.com/photo-1547157720-52d782e55b83?ixlib=rb-1.2.1&auto=format&fit=crop&w=634&q=80'),
(40, NULL, NULL, NULL, 'https://images.unsplash.com/photo-1547185942-2b5661136b1b?ixlib=rb-1.2.1&ixid=eyJhcHBfaWQiOjEyMDd9&auto=format&fit=crop&w=1351&q=80'),
(41, NULL, NULL, NULL, 'https://images.unsplash.com/photo-1500462918059-b1a0cb512f1d?ixlib=rb-1.2.1&ixid=eyJhcHBfaWQiOjEyMDd9&auto=format&fit=crop&w=634&q=80'),
(42, NULL, NULL, NULL, 'https://images.unsplash.com/photo-1546514355-7fdc90ccbd03?ixlib=rb-1.2.1&ixid=eyJhcHBfaWQiOjEyMDd9&auto=format&fit=crop&w=634&q=80'),
(43, NULL, NULL, NULL, 'https://images.unsplash.com/photo-1515199967007-46e047fffd71?ixlib=rb-1.2.1&ixid=eyJhcHBfaWQiOjEyMDd9&auto=format&fit=crop&w=975&q=80'),
(44, NULL, NULL, NULL, 'https://images.unsplash.com/photo-1532587459811-f057563d1936?ixlib=rb-1.2.1&ixid=eyJhcHBfaWQiOjEyMDd9&auto=format&fit=crop&w=701&q=80'),
(45, NULL, NULL, NULL, 'https://images.unsplash.com/photo-1546593064-053d21199be1?ixlib=rb-1.2.1&ixid=eyJhcHBfaWQiOjEyMDd9&auto=format&fit=crop&w=968&q=80'),
(46, NULL, NULL, NULL, 'https://images.unsplash.com/photo-1547534887-8d299f2c126b?ixlib=rb-1.2.1&ixid=eyJhcHBfaWQiOjMxNzB9&auto=format&fit=crop&w=633&q=80'),
(47, NULL, NULL, NULL, 'https://images.unsplash.com/photo-1547567696-3fb538726ffd?ixlib=rb-1.2.1&auto=format&fit=crop&w=899&q=80'),
(48, NULL, NULL, NULL, 'https://images.unsplash.com/photo-1504548840739-580b10ae7715?ixlib=rb-1.2.1&ixid=eyJhcHBfaWQiOjEyMDd9&auto=format&fit=crop&w=1350&q=80'),
(49, NULL, NULL, NULL, 'https://i.picsum.photos/id/212/500/300.jpg'),
(50, NULL, NULL, NULL, 'https://images.unsplash.com/photo-1547068961-aa008634973d?ixlib=rb-1.2.1&ixid=eyJhcHBfaWQiOjEyMDd9&auto=format&fit=crop&w=1350&q=80');

--
-- Inserting data into table event
--
INSERT INTO event(id, attending_countfb, can_guests_invite, created_time, declined_count, description, end_time, facebook_id, guest_list_enabledfb, interested_count, sync_status, is_canceled, is_online, latitude, longitude, maybe_count, name, place, privacy, start_time, timezone, type, updated_time, updated_timefb, cover_id, owner_id) VALUES
(1, 10, True, '2020-01-01 00:00:01', 6, 'Pariatur veniam eveniet blanditiis quae vero delectus sed omnis qui. Voluptatem omnis eius atque fuga ea unde quidem voluptas ut. Suscipit corrupti tempora vel sed voluptatem quam est sunt ut. Optio sint aut, in quasi perspiciatis non adipisci nobis qui. Et itaque necessitatibus quia aperiam natus et nulla repellat facere; unde ut cumque, corrupti quos ut magni beatae sint quia.\r\nMolestiae architecto nobis voluptatem autem velit veniam quia iure est. Porro repellendus aut sed sit, error sint placeat et non! Qui voluptatem sunt porro vitae sed sint rem iste unde; fugiat accusantium nobis neque ut distinctio atque unde autem nemo. Repudiandae explicabo quidem non omnis laudantium nulla voluptatem error veritatis. Architecto est aut voluptatem provident est dicta consequatur sed nisi. Sapiente iste enim sed quo iusto, laborum harum fuga quasi.', '2020-05-18 13:47:02', NULL, NULL, 16, False, True, True, 0, 136, 8, 'Tenoperivase', '2757 Old Church Highway, Penobscot Building, Denver, Colorado, 06870', 1, '2020-01-02 12:10:01', 'Western Standard Time', 6, '2020-01-01 22:44:01', NULL, 1, 5),
(2, 47, False, '2020-01-01 01:02:01', 5, 'Expedita sit quia in ut dolore aperiam harum optio accusantium. In rerum, distinctio quia dignissimos dolores sint magni quis magnam.\r\nEt sed dolor dicta assumenda ex unde error, reiciendis ratione. Ea adipisci, tenetur omnis quis ut consequuntur eius ut perspiciatis? Quisquam nostrum deserunt, ab maiores quo et minus cum ut. Aut assumenda ipsam perferendis tenetur porro nemo alias nam perspiciatis; eius unde veritatis reprehenderit commodi error ab a ut doloremque.', '2020-05-19 12:45:35', NULL, NULL, 1, False, False, True, 83, -70, 5, 'Binanor', '734 SW Chapel Hill Road, Santa Fe, New Mexico, 87595', 0, '2020-01-02 22:30:01', 'Gambier Islands', 5, '2020-01-02 13:12:01', NULL, 2, 7),
(3, 6, False, '2020-01-01 02:04:01', 4, 'Facere iste neque sint deserunt distinctio et autem iste ad. Et doloribus minima et id omnis dolorum consequatur consequuntur cumque. Sint doloremque sunt sint voluptatem molestias facere optio aut et. Aut ratione, omnis quas est accusamus est nam id repudiandae! Aliquam veritatis voluptatem, aspernatur quas illo iste nostrum consequatur sit. Dolor iste et molestiae natus exercitationem harum quam eaque quo; facere dolorum voluptate quaerat eius distinctio voluptatum enim in tempora.', '2020-05-18 13:47:02', NULL, NULL, 6, False, False, False, 6, 6, 7, 'Minidipifen', '50 Woodland Loop, Appartment 79, Austin, TX, 09126', 0, '2020-01-03 02:38:01', 'Australian Eastern Standard Time', 1, '2020-01-03 00:34:01', NULL, 3, 9),
(4, 13, True, '2020-01-01 03:06:01', 6, 'Deserunt natus sunt harum quam velit aut magnam omnis architecto; debitis soluta ut qui, voluptas est ut natus quo est. Illo ipsa, nam veniam dolorem sit dolor perspiciatis corrupti iste? Aspernatur qui quam commodi non facilis ipsam velit laboriosam est. Quia pariatur et quisquam, nihil voluptatem voluptas doloribus tempore corporis? Temporibus debitis voluptatibus non porro rerum unde voluptatem ducimus omnis. Doloremque eius quos incidunt accusantium ratione voluptas debitis sit error! Ipsum et in at modi rerum tempora consequuntur quia et? Suscipit quae ratione pariatur qui omnis tempora eos nihil deserunt. Natus nulla iste deleniti odio minus vitae est, aut itaque!\r\nSoluta laudantium, et quam recusandae ut distinctio eligendi rerum corporis. Ad aliquam culpa enim doloremque est quos sed officiis error. Minus consequatur eius asperiores eos ullam sit ut, ullam quaerat? Natus sit qui exercitationem dolores dolore quod quo assumenda perspiciatis. Sed quibusdam architecto aut nisi error ipsam qui quis ut! Aut quae commodi, et quibusdam perspiciatis doloremque consequatur id corrupti. Nihil voluptatem repellendus quos laboriosam omnis et, sed voluptatem animi. Ipsum qui blanditiis in, error omnis deleniti eum tempore eaque.\r\nTempore qui rem asperiores sequi ducimus libero laudantium qui modi; labore error deserunt est voluptas et unde pariatur voluptas in.', '2020-05-18 13:47:09', NULL, NULL, 10, False, False, False, 86, -111, 4, 'Lodipitan', '489 Monument Drive, Indianapolis, Indiana, 22444', 1, '2020-01-03 01:36:01', 'Indian Standard Time', 6, '2020-01-02 09:04:01', NULL, 4, 1),
(5, 22, False, '2020-01-01 04:08:01', 13, 'Aliquid sed commodi molestiae voluptas facilis, ad et reprehenderit vitae. Vel corrupti ratione nemo distinctio recusandae eius eligendi alias unde.', '2020-05-18 10:43:34', NULL, NULL, 18, True, True, False, 18, -89, 9, 'Herpezotan', '665 Old Deepwood Parkway, 257 Towers Bldg, Carson City, Nevada, 17863', 0, '2020-01-01 20:40:01', 'Marshall Islands', 5, '2020-01-02 01:50:01', NULL, 5, 2),
(6, 50, False, '2020-01-01 05:10:01', 4, 'Pariatur et modi vel excepturi distinctio sapiente enim natus id. Id voluptatem mollitia quidem minima nisi quia nam perferendis exercitationem. Iste magnam ullam cum alias quo corporis facilis sed beatae! Obcaecati sed rerum nostrum est labore quas quis ut natus. Ut saepe dolores tempore sed aliquid voluptatum nemo ea quia. Assumenda voluptates, aliquam omnis sit nihil qui nobis iusto facere.\r\nDicta consequatur aut natus quas delectus non, quis aut a; dicta natus et laborum qui a ea libero esse natus; qui laboriosam optio non tenetur, dolorum neque rerum illum quas.', '2020-05-18 10:43:34', NULL, NULL, 30, True, False, True, -7, 117, 17, 'Ciclobutamfen', '95 Ironwood Loop, 96th Floor, Salt Lake City, Utah, 43113', 0, '2020-01-01 15:30:01', 'New Zealand Daylight Time', 1, '2020-01-02 17:20:01', NULL, 6, 6),
(7, 9, False, '2020-01-01 06:12:01', 17, 'Necessitatibus porro sunt velit ut voluptatem et in est natus. Voluptatem inventore voluptas quod eveniet sed et esse nihil iste. Similique nostrum unde velit minima, molestiae quis minus aspernatur sequi! Eos voluptatem veniam hic quia magni est beatae eligendi itaque. Iste nam maxime voluptates mollitia qui nulla ut voluptatem aspernatur.\r\nOmnis cumque quo aut, obcaecati magni est velit ut aperiam. Laudantium et cumque rerum non aperiam error ut labore cum. Quisquam consequatur aliquam quasi nostrum voluptatem veritatis tempore maiores est.\r\nEnim voluptatibus voluptas quibusdam eveniet repellat voluptatem recusandae ut quisquam. Minus ut necessitatibus dolore corporis voluptas voluptate provident distinctio consectetur. Et ratione consequuntur ut, excepturi quis nobis itaque maxime aut!', '2020-05-19 12:45:35', NULL, NULL, 26, False, False, False, 41, -130, 5, 'Fenotamnal', '235 Parkwood St, Indianapolis, Indiana, 18058', 0, '2020-01-02 23:32:01', 'Coordinated Universal Time', 0, '2020-01-01 04:08:01', NULL, 7, 1),
(8, 14, True, '2020-01-01 07:14:01', 5, 'Et non fugit illum iste labore aut nesciunt alias consectetur. Rerum est, voluptatem veritatis quia non tempora ducimus et sunt. Dicta doloribus quae hic et perspiciatis explicabo laboriosam sit deserunt. At ea suscipit id dolorem ad a quis alias modi; eos perspiciatis quia, inventore dolorum exercitationem ratione fugiat dolorem enim. Est soluta sunt consequatur sed inventore et sed voluptatem cumque. Facere nobis omnis qui et aliquam enim magni aut ut!', '2020-05-18 10:43:34', NULL, NULL, 0, False, True, True, 73, 117, 3, 'Acinaque', '782 White Hope Lane, 257 Towers Building, Raleigh, North Carolina, 28921', 1, '2020-01-01 21:42:01', 'Coordinated Universal Time', 8, '2020-01-01 01:02:01', NULL, 8, 1),
(9, 15, False, '2020-01-01 08:16:01', 2, 'Dicta perspiciatis dolorem architecto nam natus qui facilis maxime ut. Quia natus, error minus perferendis laudantium quibusdam dolores enim voluptatem.\r\nNatus ad incidunt aliquid, facilis magnam reprehenderit voluptatem autem beatae. Beatae porro fuga vitae ut iste voluptate et eum est. Et ab officiis consequuntur velit ratione unde quas voluptates laudantium? Et voluptatem velit in tempora sed dolor voluptatem facere unde. In atque quis itaque ut enim velit ea ut incidunt. Quia eveniet exercitationem et facilis voluptatem natus laborum iure dolor.\r\nIn aliquam repellendus rerum, unde tenetur et odit error ut; recusandae aut ipsum, fugit ut quia maxime saepe porro eum. Veniam itaque aut rerum quia quisquam nesciunt quibusdam mollitia minus. Delectus sed odit obcaecati consequuntur, iure ipsum illo aut odit!', '2020-05-18 13:47:09', NULL, NULL, 28, False, True, False, 86, 8, 14, 'Prodrophane', '2559 Hidden Riverview Loop, First Security Building, Helena, Montana, 61343', 0, '2020-01-01 16:32:01', 'Marquesas Islands Time', 6, '2020-01-01 18:36:01', NULL, 9, 1),
(10, 43, True, '2020-01-01 09:18:01', 3, 'Possimus quia cupiditate repudiandae ut, ex sed voluptatum incidunt quo.\r\nAut veniam et ullam iusto ducimus quia illo qui perferendis. Repellat fugit nam cumque et natus non nobis incidunt qui. Qui nulla, quis dignissimos rerum architecto minus error quibusdam debitis? Vitae rerum quo sequi voluptas maiores quis error ut voluptatum; consequuntur iste quaerat et fuga sunt eum velit ab facere. Quis ut veritatis nihil vero totam ipsum repellat quisquam distinctio.', '2020-05-18 13:47:09', NULL, NULL, 5, True, False, True, 68, -143, 19, 'Aprotamvant', '926 White Edgewood Ct, Olympia, Washington, 73049', 1, '2020-01-02 21:28:01', 'Middle European Saving Time Same zone as CEST', 5, '2020-01-02 08:02:01', NULL, 10, 4),
(11, 5, True, '2020-01-01 10:20:01', 5, 'Quia quis sit voluptatem et, nisi ut sunt voluptate quam. Voluptas rem incidunt in nemo possimus aut dolorum dolores molestias. Non itaque expedita rerum voluptatem iusto omnis assumenda exercitationem nihil? Est in voluptatem aliquam laboriosam quibusdam voluptatem dolorem animi aut! Totam quia saepe accusamus architecto minus omnis aut nobis quas. Error eum inventore ipsum nisi illum natus modi iste dolores! Nihil ipsam laborum similique voluptas quas quia optio neque libero. Et repudiandae voluptatem et in quis tenetur aliquam numquam vitae; quae odio quaerat optio, dolores quaerat fugiat placeat aperiam sint. Doloribus magnam et ut quis aut est quod laboriosam officia.\r\nVelit illo voluptatem iure magnam quia error blanditiis ut perspiciatis. Est iste expedita exercitationem unde, quia aut et distinctio culpa.', '2020-05-19 12:45:35', NULL, NULL, 30, True, False, True, 4, -106, 6, 'Serrasonzon', '2382 White Beachwood St, Santa Fe, New Mexico, 11581', 1, '2020-01-01 11:22:01', 'Indian Standard Time', 2, '2020-01-01 15:30:01', NULL, 11, 10),
(12, 0, True, '2020-01-01 11:22:01', 8, 'Quas sed dicta nisi voluptatem facilis sit dolores quasi corrupti.\r\nNostrum eligendi dolorum perspiciatis dolorem error et adipisci sed non. Aut dolorem maxime quia nesciunt eos cum tenetur delectus veniam. Odit et sed aliquam magnam quo qui quibusdam illum ut. Rerum exercitationem mollitia delectus beatae unde vero tempora magnam quisquam. Aspernatur quaerat quasi ducimus voluptatem expedita facilis omnis obcaecati voluptatum. Minus eos et aut doloremque molestias quae fugit voluptas error. A dicta, voluptas est iste at aut animi aut qui! Voluptate ut accusantium ea architecto nesciunt laborum ratione ab ad.\r\nEst voluptatum aut eos doloribus fugit, distinctio numquam dolore debitis. Facere et, dicta magni ad reiciendis ut deleniti porro ipsa. Velit voluptatibus adipisci natus qui ut, cumque aut tempore nulla. Sed a quisquam est odio dolorum voluptas ullam minus adipisci! Ab cum sed beatae iste beatae, maiores ut et magni.', '2020-05-18 10:43:34', NULL, NULL, 20, False, True, True, -13, 84, 1, 'Velooxecin', '3798 Red Riddle Hill Way, Charleston, West Virginia, 77766', 1, '2020-01-01 05:10:01', 'Georgia Standard Time', 5, '2020-01-01 14:28:01', NULL, 12, 3),
(13, 2, False, '2020-01-01 12:24:01', 8, 'Praesentium iste qui dicta voluptas ullam et delectus mollitia expedita. Possimus nihil quod, et sit suscipit error ullam suscipit blanditiis. Repellendus nesciunt numquam expedita quia vel, est quis modi sit! Omnis nobis blanditiis esse, impedit sit voluptates quo possimus delectus. Similique fugiat sit natus excepturi asperiores necessitatibus voluptates perspiciatis aut.\r\nTenetur eaque quia error perspiciatis accusantium error consequatur officia unde. Iste dicta quo et dolores consequatur nostrum, eveniet eaque maiores.', '2020-05-18 13:47:09', NULL, NULL, 5, False, True, False, 47, -158, 19, 'Septoxane', '3342 Riddle Hill Parkway, 3rd FL, Phoenix, Arizona, 65875', 0, '2020-01-03 00:34:01', 'Maldives Time', 7, '2020-01-03 02:38:01', NULL, 13, 9),
(14, 19, True, '2020-01-01 13:26:01', 7, 'Accusantium eaque sed non saepe sit nisi eos exercitationem dicta. Nisi unde aliquam assumenda sed est qui ratione sint sunt. Dolorem qui quos voluptatem et rerum totam est natus provident. Iste voluptatibus perspiciatis et quas vel quia voluptatem quidem magnam. Laborum natus assumenda, incidunt assumenda nihil aperiam a consequatur eaque. Earum non est quo illo ab laboriosam totam eligendi enim? Sunt nisi aspernatur aut doloremque ut nemo perspiciatis qui iusto! Quis perferendis quas exercitationem, sunt omnis non error molestiae ullam.\r\nFuga ex harum tempora officiis harum facere libero, error quaerat. Aut obcaecati, laboriosam odio ipsam nostrum est delectus omnis eos. Perspiciatis quidem voluptatem odit unde quae natus ut sit voluptate; ut alias quia et in expedita voluptatum doloremque ut debitis. Sed aut reprehenderit odio ipsa qui in pariatur autem dolor! Odit quia dignissimos, quam fugiat enim voluptates praesentium esse dicta. Expedita reprehenderit doloribus repellendus ea sit perferendis eaque sit voluptatem! Perspiciatis enim sit unde placeat ipsa praesentium aut et eos.\r\nQuia neque nihil, repellendus error autem sint tempore beatae ullam. Nesciunt dolor est vitae deleniti quidem ad aperiam ad aliquid. Inventore sit debitis, ut consectetur distinctio veniam iste voluptas dolores. Aut consequatur nesciunt eum, aliquid in sed ut temporibus quis. Et aut non ullam corrupti, beatae ex earum doloribus rerum. Est iste repellat rerum ipsa sed delectus sunt est accusamus.', '2020-05-18 13:47:02', NULL, NULL, 6, True, True, False, 70, 133, 6, 'Innotamde', '3883 Red Brentwood Ave, Enquirer Building, Oklahoma City, OK, 89300', 1, '2020-01-01 17:34:01', 'Vladivostok Time', 0, '2020-01-02 05:58:01', NULL, 14, 10),
(15, 47, True, '2020-01-01 14:28:01', 15, 'Ab consequatur facilis voluptatem a totam tenetur a non minima. Excepturi eos aut iste quis ratione cum, nihil velit consectetur. Explicabo unde obcaecati minima enim deserunt sunt id labore autem.', '2020-05-19 12:45:35', NULL, NULL, 8, False, True, False, -24, 151, 7, 'Irunafen', '921 Market Blvd, Comcast Building, Montgomery, Alabama, 77671', 1, '2020-01-01 12:24:01', 'Coordinated Universal Time', 0, '2020-01-03 00:34:01', NULL, 15, 9),
(16, 14, True, '2020-01-01 15:30:01', 15, 'Consequatur vero perferendis et minus quo aut architecto dolores dicta. Delectus suscipit iure, facere id ipsa sint et possimus vitae. Voluptas quae quod vel repellat voluptatem omnis delectus distinctio soluta. Officia perferendis alias, numquam unde in rerum ratione eius et; minus iste qui quidem rerum suscipit ipsum, blanditiis hic nulla.\r\nOfficiis quasi reprehenderit, sint aut enim error iste sed iste; recusandae enim provident laudantium quibusdam aut error ipsa dolores ut. Dolor quisquam optio aperiam odit velit culpa sed vitae corporis. Unde molestias quia perspiciatis consequatur ut aut voluptatum, velit explicabo. Eius ut dolores est sit ipsam numquam facilis qui quis.\r\nAlias et quia corporis tempora consequatur perspiciatis quae, ut quia. Autem error omnis dolor, obcaecati et voluptatem enim minima provident. Beatae sit, id nesciunt esse ducimus odio perspiciatis dicta nisi; omnis quasi repudiandae amet eos voluptas et qui molestiae natus. Qui voluptates totam aliquam dolorum quam nesciunt est quo sit.', '2020-05-18 13:47:09', NULL, NULL, 5, True, False, True, -78, -16, 15, 'Captosiltan', '74 Fox Hill Way, Montpelier, Vermont, 32699', 1, '2020-01-01 18:36:01', 'French Guiana Time', 3, '2020-01-01 22:44:01', NULL, 16, 4),
(17, 9, False, '2020-01-01 16:32:01', 12, 'Deserunt rerum ut sed ut sint voluptas incidunt optio unde. Officia adipisci aut natus quas quia ipsum et culpa quo! Voluptatem optio eum dolor voluptatum minima quasi ex sit labore.\r\nQuis vel et ullam voluptas vel quasi enim ut cum; laboriosam assumenda aut delectus maiores fugiat voluptatem nulla voluptatem sint. Quae unde veritatis quam voluptatem quidem perferendis nihil quo optio? Iste sed praesentium blanditiis omnis ea quos cum ut optio. Quo sed eum voluptatibus nulla fugiat qui, iure nesciunt sint. Sequi obcaecati expedita repellat omnis et rerum sit commodi eius!\r\nEt quia vel et voluptatem qui quisquam deserunt sed voluptatem. Deserunt nihil iste dolorum rerum veniam ab eum sed temporibus; eos autem eos dolorem nihil omnis amet, quia perspiciatis est.', '2020-05-18 13:47:02', NULL, NULL, 11, True, True, False, -75, -89, 20, 'Deltatamtan', '646 S Lake Cir, Pierre, South Dakota, 67932', 0, '2020-01-02 18:22:01', 'Atlantic Daylight Time', 8, '2020-01-01 18:36:01', NULL, 17, 10),
(18, 35, False, '2020-01-01 17:34:01', 8, 'Praesentium aut reiciendis rerum voluptatem error unde velit quasi labore; temporibus quibusdam qui ut dolore autem delectus, explicabo delectus quam. Aut minima est enim porro qui sed voluptatem eaque nemo. Quidem sed doloremque ut corporis tempora perspiciatis molestiae dolorem at? Delectus non ut corrupti praesentium omnis quasi mollitia fugit eos!\r\nQuia laudantium perspiciatis aut sit rerum laborum nobis enim voluptates. Corrupti exercitationem voluptate ipsum maiores rerum sequi quo est eius. Aut et saepe quo sit distinctio recusandae unde odit soluta.', '2020-05-19 12:45:35', NULL, NULL, 6, True, False, False, 31, 28, 4, 'Trigozon', '39 Woodbridge Dr, Salem, OR, 09509', 0, '2020-01-02 13:12:01', 'Greenwich Mean Time', 0, '2020-01-01 04:08:01', NULL, 18, 10),
(19, 26, False, '2020-01-01 18:36:01', 15, 'Velit voluptatem reprehenderit non voluptatem quasi, natus quae quo est. Blanditiis voluptatem ut atque quam error quasi aliquid quibusdam ullam. Consequatur beatae iste, et ut ullam nisi nobis tempore et! Cum odio, quod et quo doloribus vero recusandae quo molestiae...\r\nMolestiae error, nemo veniam dolorum sapiente aut enim aut officiis. Dolorem voluptatem aliquam et, voluptatem eveniet neque velit rem sequi. Cum reiciendis aut eos vero excepturi totam aut autem modi. Voluptatem voluptas quos possimus dolore, iste et fugiat quisquam et. Animi amet quaerat veniam non rerum modi natus neque qui? Nisi ut eos omnis, earum sed quod ut unde quaerat. Ut et cupiditate eos perspiciatis, id omnis fugit aut ducimus.', '2020-05-18 13:47:09', NULL, NULL, 18, True, False, True, -22, -6, 6, 'Venlatanliq', '71 Glenwood Drive, Nipper Bldg, Annapolis, Maryland, 93298', 0, '2020-01-02 19:24:01', 'Afghanistan Time', 2, '2020-01-01 15:30:01', NULL, 19, 2),
(20, 19, True, '2020-01-01 19:38:01', 2, 'Id ullam consequuntur, tenetur quia dolorum autem necessitatibus voluptatem dolore.\r\nMolestias id recusandae neque repellendus et atque doloremque aliquam labore. Recusandae labore qui nihil eum at, ratione aperiam delectus labore. Adipisci quos vitae qui error quia ipsam quae sapiente minima. Quia dolorem adipisci voluptatem ipsa nisi asperiores dignissimos natus fuga. Quo tenetur optio qui omnis nesciunt nulla inventore provident dolor. Unde animi consequatur mollitia corrupti iure sequi voluptas voluptatem inventore!', '2020-05-18 13:47:02', NULL, NULL, 30, False, False, True, 17, 12, 11, 'Neufatan', '32 S Town Hwy, Juneau, Alaska, 45562', 1, '2020-01-02 14:14:01', 'Hong Kong Time', 2, '2020-01-02 01:50:01', NULL, 20, 5),
(21, 45, True, '2020-01-01 20:40:01', 11, 'Delectus vel, odit quas eaque fugiat praesentium suscipit veritatis velit; ipsa et, natus porro omnis illo minus sequi dolores sit. Qui atque excepturi ut, voluptas nostrum perspiciatis autem dolores aspernatur. Impedit optio libero quisquam libero modi cum voluptas quia repellat. Quaerat dolore nam sed quam impedit voluptates autem vel dolores. Est odio, quod error non reprehenderit maiores sed eos adipisci; atque minus cum, amet vitae consequatur veritatis ut aut magni. Ab corrupti sit mollitia distinctio eius fuga quasi nihil sit!\r\nIpsam consequatur quia porro nemo vel et quia aperiam quia. Non est dolores suscipit, magni tempore eligendi sapiente minus incidunt. Perferendis odit et, sed itaque sunt inventore excepturi et repellendus!', '2020-05-18 10:43:34', NULL, NULL, 19, False, False, False, -68, -113, 10, 'Fenocurdar', '1018 2nd St, Oklahoma City, Oklahoma, 81123', 1, '2020-01-01 13:26:01', 'Chile Standard Time', 7, '2020-01-02 13:12:01', NULL, 21, 7),
(22, 18, False, '2020-01-01 21:42:01', 1, 'Asperiores quia non qui, porro voluptas maxime laboriosam magni natus. Ad asperiores ratione modi hic voluptates sed voluptate odit voluptas.\r\nSit unde sed distinctio doloribus aspernatur iste reprehenderit laboriosam iure. Sit numquam sit vero quos qui tempora corrupti velit odit! Ut in, et rerum modi voluptatem quaerat quo qui eveniet? Fugit tempora ex quod eligendi ut voluptas laboriosam delectus repellat. Neque autem deleniti nobis unde sed nesciunt quasi sit provident! Consequatur error, harum sunt et aut aliquam quibusdam ut natus...\r\nUnde ad aspernatur quis et nulla asperiores consequatur in qui. Nihil dicta quod odit dolor ipsa excepturi placeat aliquid ullam; voluptatem necessitatibus adipisci iste provident consectetur et ut dolor vitae. Nemo ratione vel vitae est sapiente iste exercitationem nisi consequatur. Rerum nemo iste cupiditate impedit et autem et sed dolorem. Accusamus sit ipsum esse consequatur modi qui et enim veritatis. Culpa quae, eos in possimus dicta vel enim velit in. Quibusdam nam quam quis ab enim nisi nostrum unde quibusdam.', '2020-05-18 13:47:09', NULL, NULL, 5, False, False, False, 33, -171, 19, 'Fibrasilnal', '86 South Deepwood Pkwy, Denver, CO, 65956', 0, '2020-01-02 20:26:01', 'ASEAN Common Time', 2, '2020-01-02 09:04:01', NULL, 22, 7),
(23, 45, True, '2020-01-01 22:44:01', 14, 'Velit eligendi impedit voluptatibus aut voluptatum doloremque voluptatem tenetur dolor. Culpa est totam tempora, delectus aperiam natus eos nemo qui! Dolores mollitia, et eos deleniti cupiditate beatae placeat a obcaecati; delectus et quia eveniet perspiciatis sed et deserunt dolorum molestiae. Adipisci voluptatem qui sed necessitatibus, eos sapiente numquam similique voluptatem.\r\nQuidem esse sit perspiciatis aut ut enim quaerat nemo error.', '2020-05-18 13:47:09', NULL, NULL, 2, False, True, False, 59, 9, 3, 'Monoperavir', '1244 Parkwood Loop, Bartlett Bldg, Boise, Idaho, 48696', 1, '2020-01-02 15:16:01', 'Kyrgyzstan time', 8, '2020-01-03 02:38:01', NULL, 23, 5),
(24, 15, True, '2020-01-01 23:46:01', 11, 'Nihil dolorum voluptatem possimus reiciendis, hic ipsa voluptate sed sint. Aut placeat ut magnam culpa mollitia et molestias quaerat sit; ut dolor quis reiciendis omnis ducimus, est ratione aut omnis. Incidunt autem vel autem quibusdam error sit, animi omnis velit. Optio eaque laborum est iste sed sunt quis natus perferendis. Voluptas delectus rem iste aut, quam qui sit illo omnis! Velit et quos placeat, dolorem voluptatibus voluptates ducimus et ab. Exercitationem ea autem, eveniet et fuga natus ea vitae aliquid? Amet voluptatem consequatur dolores inventore perspiciatis, quae consequuntur et magnam. Aspernatur porro non assumenda temporibus recusandae molestiae possimus quia qui...\r\nAccusantium sed, et aperiam sint voluptate rem corrupti laudantium excepturi. Officia voluptas ut dolores inventore, tenetur illo dolore ad sequi. Vel fugit quia quaerat inventore nobis iste aut quos sed. Rerum iste facilis ab quas aliquam repellat ut facilis sunt. Harum id ab iste atque beatae et fuga in consectetur. Doloremque aut quaerat consequatur ut quia, laborum ullam voluptas beatae! Eum in dolor repellendus asperiores aut nostrum corrupti, totam voluptatem.', '2020-05-18 10:43:34', NULL, NULL, 16, True, False, True, -64, 107, 4, 'Mecotamque', '1855 SE Oak Ct, Enquirer Building, Jefferson City, MO, 29421', 1, '2020-01-02 10:06:01', 'Central European Daylight Time', 4, '2020-01-01 01:02:01', NULL, 24, 2),
(25, 5, False, '2020-01-02 00:48:01', 4, 'Commodi optio, enim quod id sed non quia distinctio expedita; nobis deleniti illo non enim qui error nihil sunt incidunt. Voluptas eveniet unde velit aut modi pariatur iure ipsa doloribus. Quas soluta magnam, qui nesciunt enim sit rerum placeat ipsa. Aut voluptas enim non nisi et adipisci recusandae libero dolor; quis illum neque nihil fugiat quia necessitatibus molestiae officiis qui. Ut omnis maxime voluptatem esse repellendus sed esse quia vitae. Facilis error voluptas quia vero non sequi sed et voluptatem!\r\nEos quia recusandae nesciunt earum rerum qui amet impedit neque. Ut esse assumenda rerum ut fugit neque iure adipisci nesciunt. Vel quia ut et perspiciatis explicabo ipsa et iste vel.\r\nLaboriosam voluptas ad omnis, quia eaque hic accusamus iste aut. Eos est ipsam perspiciatis deleniti optio omnis non nisi alias. Perspiciatis consectetur facere sed repellendus nam cupiditate quos inventore est; est voluptatem, dolorum harum voluptatem aut et velit voluptas ut. Quia aut beatae illo corporis voluptatibus modi cumque quaerat error. Iste ut dignissimos asperiores in vel omnis sed officiis quibusdam. Explicabo quas distinctio omnis dolor perspiciatis necessitatibus ad quae odit! Nam illo iure perspiciatis voluptatem ut libero, inventore deleniti ut. Repudiandae non est pariatur est eligendi, ut tempora quis officia.', '2020-05-18 13:47:09', NULL, NULL, 5, True, True, False, -44, -15, 16, 'Antisidex', '2613 Hunting Hill Pkwy, Jefferson City, MO, 59390', 0, '2020-01-01 00:00:01', 'Paraguay Summer Time (South America)', 3, '2020-01-02 17:20:01', NULL, 25, 5),
(26, 27, False, '2020-01-02 01:50:01', 15, 'Veritatis perspiciatis vel porro sit et omnis asperiores excepturi enim; numquam ea dolorum, porro quis sit necessitatibus quaerat recusandae vitae...\r\nIpsam et at tempora optio unde ad aut quas neque.', '2020-05-18 10:43:34', NULL, NULL, 7, True, True, False, 1, -100, 11, 'Antichloridefen', '492 Hidden Edgewood Cir, Jefferson City, MO, 69849', 0, '2020-01-02 16:18:01', 'Brasilia Time', 3, '2020-01-02 08:02:01', NULL, 26, 8),
(27, 38, True, '2020-01-02 02:52:01', 3, 'Mollitia eum velit et eos sit natus vitae rerum voluptas. Sed exercitationem assumenda voluptatem explicabo quos asperiores consequatur et dolorum. Sint quae et quas aut vel harum ut dolores illo. Sunt ab id non, sunt eos non voluptas incidunt id! Perspiciatis numquam doloremque consequuntur quasi consequatur sunt ullam nihil recusandae. Totam aut rem voluptas, sit est ea enim consectetur dolor? Molestias et consequatur est non quis quo, sapiente autem sit. Sapiente earum veritatis in dolor quia eos necessitatibus enim reiciendis! Laborum sequi vel consequuntur quo fuga fugit magni neque quidem. Dolores atque molestias, cupiditate numquam maiores qui ea nesciunt et!', '2020-05-18 13:47:02', NULL, NULL, 29, True, False, False, -62, -26, 7, 'Indasonban', '2188 NW Ski Hill Loop, Macy''s Building, Indianapolis, IN, 19219', 1, '2020-01-01 19:38:01', 'Georgia Standard Time', 7, '2020-01-02 05:58:01', NULL, 27, 8),
(28, 41, False, '2020-01-02 03:54:01', 7, 'In ea et nemo aperiam voluptatem tempore ea explicabo expedita. Natus nostrum vel sit ullam debitis ea dicta sunt voluptatum.\r\nVoluptatem eum sint, veniam sit nemo voluptatibus earum aut qui; sit veniam asperiores omnis consequatur sed quam voluptatem velit similique.', '2020-05-19 12:45:35', NULL, NULL, 5, False, False, True, 72, -121, 6, 'Flotazol', '437 West Rushwood Lane, Montpelier, VT, 11993', 0, '2020-01-01 14:28:01', 'Iran Daylight Time', 0, '2020-01-01 14:28:01', NULL, 28, 10),
(29, 9, False, '2020-01-02 04:56:01', 18, 'Odio inventore sed odio molestiae officiis sit nemo ratione amet. Excepturi corporis sunt officiis distinctio aut eaque cumque rerum fugit? Incidunt non consequatur facilis omnis fuga ut at cupiditate debitis; aut autem sunt est sint iusto voluptatem ea sed necessitatibus. Voluptatem nihil consequuntur omnis sed quo illum molestiae accusamus voluptatem! Ipsam cumque sed delectus ab ut sapiente dolorem aliquam dolor. Repellat impedit, nesciunt corrupti incidunt qui labore non natus nostrum. In sit unde sit et incidunt voluptatem dolores placeat sed!\r\nQuae laboriosam ut praesentium ut omnis est similique voluptatem et...\r\nQui quod incidunt aliquid repellat quia enim corrupti quia molestiae. Voluptatem unde culpa vel aut harum eaque molestiae deleniti aut! Voluptas dolores qui omnis error dicta id molestiae ipsa aliquam. Vero nihil omnis alias laboriosam quasi unde voluptatem enim natus. Velit qui at minima error ut quos unde et aut. Et odio iste ad quisquam error fugit libero sed et. Animi et eos sint dicta assumenda iste modi alias consequatur. Iste sit tempore et doloremque autem explicabo quisquam accusantium est.', '2020-05-18 13:47:02', NULL, NULL, 26, False, False, False, -38, 168, 13, 'Acadrozyl', '588 Market Loop, Buhl Bldg, Oklahoma City, Oklahoma, 29501', 0, '2020-01-01 23:46:01', 'Australian Eastern Standard Time', 2, '2020-01-01 22:44:01', NULL, 29, 3),
(30, 49, True, '2020-01-02 05:58:01', 20, 'Explicabo labore aspernatur, iste dolores in excepturi perspiciatis iste itaque. Vel quis enim iste a id in laudantium nemo perspiciatis! Accusantium quis ullam quia, error accusantium consequatur at qui non. Sit dolor sit natus et eum aliquid reiciendis qui labore! Pariatur est voluptatem tempora quas, ad atque magni ea natus; natus excepturi et, aperiam similique et optio vitae quos sequi. Harum consequuntur aut odit atque, quas voluptate natus blanditiis error! Ex ipsum, laborum iusto ut animi natus odit rem sint.\r\nOmnis repellat culpa et consequuntur et qui modi ut alias. Error et eveniet beatae perspiciatis hic perspiciatis temporibus voluptatem et. Qui non, consequatur repudiandae quisquam fugit doloremque ea perspiciatis sapiente. Assumenda et doloremque, quo consectetur commodi maiores ea reprehenderit et. Fuga tenetur, cum eum ipsam totam velit quaerat perspiciatis ut. Possimus recusandae voluptatem similique quod sint quis excepturi laudantium dolor...\r\nUt quis magnam aut reiciendis illo ut explicabo fuga quo. Animi eius odit impedit et autem laboriosam quis nulla nihil. Blanditiis sit quaerat molestias culpa non, recusandae reiciendis adipisci sit. Eum perferendis accusamus minus vitae nostrum vel rerum fugit incidunt; voluptatem suscipit voluptas ad quia porro minus velit ex nulla. Perferendis eaque, sit explicabo unde rerum ad dolorem eos sit!', '2020-05-18 13:47:02', NULL, NULL, 10, False, True, False, 81, 1, 2, 'Deltasoproliq', '2881 Monument Ln, Equitable Building, Little Rock, Arkansas, 27391', 1, '2020-01-02 11:08:01', 'Newfoundland Time', 1, '2020-01-01 18:36:01', NULL, 30, 3),
(31, 24, False, '2020-01-02 07:00:01', 19, 'Quia soluta, aliquam ut dolores illo sint repellat iste qui. Ab ea dignissimos sunt natus quia ut natus quis voluptatibus.\r\nIusto vel sapiente et amet consequatur hic sunt dolorum atque. Est libero porro soluta nostrum architecto quis aliquid qui soluta.', '2020-05-18 10:43:34', NULL, NULL, 9, False, True, False, 69, 52, 6, 'Poliperaino', '2522 Ski Hill Court, Helena, Montana, 36253', 0, '2020-01-02 17:20:01', 'Australian Western Daylight Time', 6, '2020-01-01 04:08:01', NULL, 31, 8),
(32, 7, True, '2020-01-02 08:02:01', 0, 'Officiis sunt quibusdam quia a sit animi et quo deleniti. Est fugiat quae rem, deserunt ipsa eos sit qui consequatur. Et enim laboriosam dolorem et voluptas et quasi dolores saepe!\r\nPariatur eligendi libero, sed accusantium officiis accusamus sit pariatur quia.', '2020-05-18 13:47:09', NULL, NULL, 0, False, False, False, -17, 157, 7, 'Monomaliq', '267 Hope Way, Calyon Bldg, Augusta, ME, 67292', 1, '2020-01-01 06:12:01', 'Marshall Islands', 4, '2020-01-02 01:50:01', NULL, 32, 9),
(33, 45, True, '2020-01-02 09:04:01', 13, 'Quisquam nihil doloremque ut debitis assumenda quis voluptatem aspernatur error. Corporis incidunt et eius vitae, fugit nihil tempore dolor dolore. Iure et ipsa sint porro nam expedita non quas error! Nihil eos totam doloremque est aliquid aut, est dolores magnam. Provident sunt quae dolorem earum saepe quis recusandae quam aut. Sunt amet praesentium eaque excepturi sed mollitia veniam eveniet blanditiis. Nihil ut ipsum voluptas pariatur quod perferendis qui fuga quisquam!\r\nInventore quia facilis voluptatibus voluptatem veritatis, ut ea iusto non. Necessitatibus blanditiis harum praesentium voluptatem quis impedit eaque sed similique! Non quos eos voluptate fugit, quae qui omnis suscipit qui. Illo maiores quos sint ea in accusantium numquam unde excepturi.\r\nMinima voluptatibus tempora autem exercitationem ex atque obcaecati unde iste. Ut facilis sit, perspiciatis modi quidem natus similique quisquam fuga; non maxime quia amet, et vel assumenda sed saepe sit. Perspiciatis quia sit unde obcaecati nobis veniam et omnis natus? In dignissimos unde consequatur eveniet quia eius eligendi eveniet culpa.', '2020-05-19 12:45:35', NULL, NULL, 11, False, False, False, -70, 74, 0, 'Aditandine', '76 North Highland Pkwy, Macy''s Bldg, Montgomery, Alabama, 45188', 1, '2020-01-02 05:58:01', 'Further-eastern European Time', 1, '2020-01-02 08:02:01', NULL, 33, 10),
(34, 38, True, '2020-01-02 10:06:01', 7, 'Est ut et, rerum accusamus adipisci eligendi unde consectetur sed. Rerum consequatur consequuntur ut aut corrupti ipsum a omnis quam! Sequi odio nulla aut et atque suscipit inventore tempora magnam. Et dignissimos pariatur tempore error laborum maxime earum sit non. Eligendi laudantium et nisi fuga perspiciatis ut doloremque totam atque. Alias maxime voluptas non modi sit nobis eligendi molestiae ullam. Quis omnis qui id ducimus nobis velit ut voluptatem dolore.', '2020-05-18 13:47:09', NULL, NULL, 23, False, False, True, 14, 133, 17, 'Intersonpex', '480 Sharp Hill Loop, Nashville, TN, 08049', 1, '2020-01-01 01:02:01', 'Hong Kong Time', 8, '2020-01-02 13:12:01', NULL, 34, 4),
(35, 1, False, '2020-01-02 11:08:01', 2, 'Ex alias at, ut amet molestiae explicabo nam adipisci voluptatem. Cupiditate eligendi ipsa ut harum, provident ea consectetur eaque incidunt? Unde dolorem iure pariatur omnis suscipit, deserunt sit itaque non. Deserunt non voluptatem alias et ut sed tempora voluptatum facere.\r\nAut hic enim quos unde, aut saepe aliquid vitae iure.\r\nEx numquam praesentium est quos et qui reprehenderit ea perspiciatis. Voluptatem iste ducimus earum sed non quo, accusantium ipsa iure. Repellendus mollitia est ipsam voluptatem est praesentium quia inventore illo. Quasi sit sapiente iste minima similique ut dolor quidem sequi? Aut quas consequatur vel aut est inventore consectetur laboriosam neque. Provident corporis voluptas ut sint voluptas optio ipsum perspiciatis et.', '2020-05-18 10:43:34', NULL, NULL, 29, True, False, False, 1, 1, 6, 'Zylasilnor', '2982 SE Mountain Ct, Plaza Building, Oklahoma City, OK, 55432', 0, '2020-01-02 00:48:01', 'Chile Summer Time', 3, '2020-01-03 02:38:01', NULL, 35, 3),
(36, 17, True, '2020-01-02 12:10:01', 15, 'Ut ullam eius sit unde animi odio eveniet expedita aliquid.', '2020-05-18 13:47:02', NULL, NULL, 12, False, False, True, -86, 7, 14, 'Loxanaphane', '966 SW Fox Hill Ct, 3rd Floor, Montgomery, Alabama, 26742', 1, '2020-01-02 07:00:01', 'Australian Central Daylight Time', 3, '2020-01-02 09:04:01', '1983-06-16 08:32:23', 36, 6),
(37, 1, False, '2020-01-02 13:12:01', 18, 'Quas voluptates quis sit qui animi voluptas sed officiis consectetur; ratione optio iusto blanditiis quis rerum autem, ipsam culpa iste.\r\nDolore error ad at est rem, dolores ipsam et error.', '2020-05-19 12:45:35', NULL, NULL, 1, False, True, True, 67, -54, 1, 'Oxicurrex', '765 2nd Parkway, Indianapolis, Indiana, 03039', 0, '2020-01-02 01:50:01', 'Israel Daylight Time', 3, '2020-01-02 17:20:01', NULL, 37, 1),
(38, 10, True, '2020-01-02 14:14:01', 0, 'Asperiores porro sit maxime vero eius atque excepturi et dolor.\r\nError ducimus doloremque nobis sed et facere, soluta enim voluptatibus. Assumenda ex quos dolores commodi error totam exercitationem et consequatur. Sint numquam dolorem ipsa eum fugit libero, eum amet odio. Odio veritatis autem aliquid ut error doloremque laborum vel officiis; eius consequatur recusandae sed maxime quam animi, debitis doloremque architecto. Incidunt commodi eos natus temporibus maxime nisi enim nemo sed. Sint aspernatur dolorem quia corrupti et minima sed consequatur modi! Incidunt quis et soluta nam sed cupiditate perspiciatis qui impedit.', '2020-05-18 10:43:34', NULL, NULL, 8, False, False, True, 16, -13, 8, 'Viroclopex', '190 Riddle Hill Parkway, Santa Fe, New Mexico, 41564', 1, '2020-01-01 07:14:01', 'Cook Island Time', 8, '2020-01-02 05:58:01', NULL, 38, 2),
(39, 23, False, '2020-01-02 15:16:01', 8, 'Facere et omnis corrupti eos esse autem enim labore necessitatibus; deleniti placeat velit et nesciunt distinctio quidem iusto illo eveniet. Porro illum a ut, labore rerum perspiciatis ut earum numquam.\r\nVoluptatibus perspiciatis dolores, laboriosam et necessitatibus et omnis atque exercitationem. Cumque et obcaecati et libero sint eaque officia suscipit delectus? Magnam voluptas quia ut quae dolores ut voluptate ipsa ut. Voluptatem veritatis et nisi similique molestiae id quo id fuga. Labore omnis officiis molestiae qui omnis cumque quibusdam et maiores.\r\nIste ut molestiae error iure nam voluptatum tenetur delectus ipsa. Ad eum totam suscipit perspiciatis modi qui sit consectetur cupiditate. Consequuntur quasi vitae odio qui magni, tempore ut consequatur totam.', '2020-05-19 12:45:35', NULL, NULL, 18, False, True, True, -78, -127, 18, 'Exosoproino', '69 East Church Avenue, Keith Building, Salem, Oregon, 86216', 0, '2020-01-02 08:02:01', 'Easter Island Standard Time', 6, '2020-01-01 15:30:01', NULL, 39, 2),
(40, 17, True, '2020-01-02 16:18:01', 0, 'Sit rerum delectus illum atque vel mollitia natus esse perspiciatis. Quia ut rem nostrum totam architecto repudiandae odit alias sint. Neque et molestiae ut libero amet ab tempora obcaecati perferendis. Quidem sapiente vel sunt fuga consectetur molestiae praesentium recusandae amet. Molestiae fugiat, earum dolores dolorem perferendis ut expedita voluptas qui; tempore facere reprehenderit at accusamus eius quo, debitis iure illum. Nam enim, quam sed alias placeat autem ab omnis aliquam!', '2020-05-19 12:45:35', NULL, NULL, 13, False, True, False, -11, -11, 2, 'Adiperisine', '747 Old Ashwood Highway, Denver, CO, 49149', 1, '2020-01-01 02:04:01', 'Hong Kong Time', 0, '2020-01-03 00:34:01', NULL, 40, 2),
(41, 3, False, '2020-01-02 17:20:01', 12, 'Eum possimus, obcaecati sed enim dolorum quo quis nemo amet. Dolor et ut perspiciatis quia vero sed unde quaerat ea!', '2020-05-19 12:45:35', NULL, NULL, 5, True, False, True, 58, 166, 1, 'Alfixaino', '75 Front Lane, Nipper Building, Springfield, IL, 83732', 0, '2020-01-02 02:52:01', 'New Zealand Daylight Time', 3, '2020-01-01 01:02:01', NULL, 41, 6),
(42, 2, False, '2020-01-02 18:22:01', 9, 'Non sunt obcaecati expedita quis molestias voluptate voluptatem dolores odit.', '2020-05-18 10:43:34', NULL, NULL, 15, True, True, True, 49, 96, 18, 'Isosilpos', '727 Hidden Deepwood Drive, Victor Executive Bldg, Montpelier, VT, 32736', 0, '2020-01-02 09:04:01', 'Galapagos Time', 5, '2020-01-01 14:28:01', NULL, 42, 10),
(43, 34, False, '2020-01-02 19:24:01', 8, 'Iste unde, natus enim dolorem cum at consectetur dolorum dolore. Cupiditate natus ut fugiat ex eligendi alias est iusto modi? Magni dolores qui reprehenderit ut explicabo saepe cupiditate architecto expedita; non hic labore quasi ut omnis inventore qui dolores dolorum. Omnis harum molestias iste facilis id obcaecati debitis accusamus fuga! Commodi illo voluptates iure beatae similique, ut eligendi voluptatem velit? Nobis necessitatibus ut praesentium, incidunt dolor minus error voluptatem aspernatur; voluptatem ad modi id nam omnis nemo qui dolor illo.\r\nIncidunt necessitatibus dolor fugiat nobis pariatur quas quisquam est unde. Et error nam doloremque sed inventore ut enim ab iste. Ex repudiandae molestiae eos aperiam saepe et sunt nihil est; iste aliquam corporis culpa voluptatum ipsa et dolor tempore molestiae. Ut est rerum ea aliquam pariatur et quaerat id officia; voluptate voluptas in, consequatur perspiciatis ullam quas cum natus qui? Quasi perspiciatis molestiae voluptatem consequatur quis dicta architecto, quis est. Id modi sequi dicta consequatur in voluptatibus eum est in.', '2020-05-18 13:47:02', NULL, NULL, 18, True, False, False, -38, 130, 19, 'Calcinatriol', '1398 W Farmview Loop, Macy''s Bldg, Dover, Delaware, 24121', 0, '2020-01-01 08:16:01', 'Georgia Standard Time', 3, '2020-01-01 22:44:01', NULL, 43, 1),
(44, 42, False, '2020-01-02 20:26:01', 18, 'Maxime iure quia odit fuga delectus magni in voluptatem omnis. Quia excepturi facere expedita sapiente pariatur dolore consectetur magni ipsa! Aliquid natus omnis voluptate necessitatibus alias sed voluptatibus ullam exercitationem.\r\nEligendi excepturi maxime aut blanditiis voluptatem aut praesentium iusto sit.\r\nRerum consequuntur veniam accusantium ratione tempora sequi dolorem tenetur quis. Quis ducimus sed aliquid voluptatem aut dolor adipisci architecto commodi. Maxime quis, voluptas rerum voluptatem dolor ut sit rem eum. Ex qui non nulla rerum sed aspernatur esse iusto deserunt.', '2020-05-19 12:45:35', NULL, NULL, 20, True, True, False, 2, 2, 7, 'Influtade', '3387 Hunting Hill Ct, Duke Energy Bldg, Austin, TX, 23283', 0, '2020-01-02 03:54:01', 'Indian/Kerguelen', 1, '2020-01-03 02:38:01', NULL, 44, 8),
(45, 12, True, '2020-01-02 21:28:01', 13, 'Officia a quis aliquam sit commodi sed quia ducimus aut. Ut consequuntur architecto maiores debitis sed est possimus, maxime ut.', '2020-05-18 10:43:34', NULL, NULL, 16, False, True, False, -12, -139, 11, 'Alfisontan', '2327 W Edgewood Parkway, Bartlett Building, Denver, CO, 83577', 1, '2020-01-01 22:44:01', 'Australian Central Standard Time', 3, '2020-01-03 00:34:01', NULL, 45, 9),
(46, 1, True, '2020-01-02 22:30:01', 0, 'Velit numquam, explicabo possimus sed voluptate ut dolorum ea molestiae. Corrupti perspiciatis autem aut vitae dolore error voluptatem est quas! Omnis qui fuga modi neque ad sint, ullam eaque tempora? Minima quia magni quaerat hic est non et voluptatum quis. Cupiditate eius ducimus et error similique neque iste omnis dolore. Numquam velit consequatur aliquid explicabo commodi ut deleniti omnis ut. Omnis libero et nostrum et quae natus at quo ut. Sed rerum et tenetur qui vero voluptatem, id tenetur adipisci.\r\nUnde voluptatem nemo id exercitationem fuga sed totam quaerat tempora. Omnis iure tempora ut sed dolore porro sit est error.', '2020-05-18 13:47:02', NULL, NULL, 19, True, False, False, -3, 88, 6, 'Oxadrodine', '122 South Rushwood Lane, Tallahassee, FL, 42570', 1, '2020-01-01 03:06:01', 'Tahiti Time', 1, '2020-01-02 13:12:01', NULL, 46, 10),
(47, 49, True, '2020-01-02 23:32:01', 13, 'Qui nostrum modi sit nulla aut unde rem laborum blanditiis.\r\nQuas voluptatum aut rerum doloremque ut voluptatem sunt nobis eos. Fugit aliquid quibusdam recusandae aut incidunt nihil consequuntur beatae vero. Ea nulla error ut magni earum aliquam ipsam sed deserunt. Mollitia in nobis, iste voluptate quia eveniet mollitia asperiores temporibus. Laborum consectetur repellat velit corrupti id suscipit adipisci possimus consequuntur. Doloremque omnis illum sapiente, error est sit animi accusamus qui! Sint omnis suscipit quasi dolorem laudantium sed itaque praesentium quod.', '2020-05-18 13:47:09', NULL, NULL, 7, True, True, True, -86, -146, 1, 'Melosilpex', '2136 NW Prospect Hill Loop, Montgomery, Alabama, 74785', 1, '2020-01-02 04:56:01', 'Falkland Islands Standard Time', 7, '2020-01-02 01:50:01', NULL, 47, 6),
(48, 48, True, '2020-01-03 00:34:01', 16, 'Quo numquam non, illum dicta vel voluptatem aut magni animi.\r\nRatione rerum ratione sit a mollitia in ipsam consequatur sed. Asperiores voluptatem porro, ut iste et non error earum tempora! Quia veritatis ut commodi eum nemo similique illo omnis praesentium. Consequuntur at, recusandae quisquam ea nostrum ipsum ut velit corrupti. Aut rerum repellat fugit minima delectus aliquid, corporis ut temporibus? Enim aut molestias sunt praesentium recusandae voluptatem dolor vero aperiam. Neque suscipit in quibusdam sint magnam eum dolores voluptate ut; cum voluptatem quo aut minus minima ut aut qui fugiat; natus quo, harum nostrum omnis totam ut cupiditate sapiente repellat. Qui cumque nisi quam pariatur non dolor suscipit unde mollitia!', '2020-05-18 13:47:02', NULL, NULL, 17, False, False, False, -58, -20, 6, 'Melihydroxol', '1634 Red Prospect Hill Cir, 3rd FL, Trenton, NJ, 40844', 1, '2020-01-01 09:18:01', 'Suriname Time', 4, '2020-01-01 18:36:01', NULL, 48, 9),
(49, 39, False, '2020-01-03 01:36:01', 1, 'Rerum voluptatem ducimus sit veritatis deserunt rerum vel consequatur distinctio. Aliquid quia natus repellat consequuntur itaque quasi eaque nemo magni! Omnis temporibus dolores earum autem illo adipisci dolor enim velit. Asperiores incidunt alias optio temporibus obcaecati a et dicta exercitationem? Temporibus ab numquam natus id consequuntur quia earum tempore in. Amet exercitationem, magnam asperiores vel sed quis consequuntur earum omnis. Voluptatem sed nesciunt et hic enim quisquam, natus et eos.\r\nQuia omnis eum, dolore pariatur incidunt et quidem omnis iure. Rerum odit ad dolores praesentium cumque consectetur est iure aut? Et minus sit recusandae aut eaque maxime, commodi illo adipisci. Quia omnis error veniam ut velit ut sit aut dicta! Consectetur ut aut perspiciatis molestiae explicabo ex deleniti repellendus voluptates. Iste doloremque alias consequatur blanditiis et voluptatem tempora, numquam est? Vel perspiciatis, exercitationem tempore ut vel ullam voluptatem sit magni! Molestiae esse tempore a id eos animi nam consequatur et.', '2020-05-19 12:45:35', NULL, NULL, 17, True, True, False, 38, 76, 1, 'Adelchloridedex', '412 Rock Hill Avenue, STE 2955, Columbus, OH, 71722', 0, '2020-01-01 04:08:01', 'Wake Island Time', 6, '2020-01-01 15:30:01', NULL, 49, 4),
(50, 37, False, '2020-01-03 02:38:01', 3, 'Animi dolores, quam recusandae sed ratione omnis molestias fugiat quam. Autem voluptate nobis iure sit perspiciatis rerum sed voluptates et; error voluptatem maxime dolore aut odio modi quis voluptatem explicabo. Sunt ut sit numquam dolorem sit perspiciatis cum eligendi cupiditate. Praesentium iste obcaecati perspiciatis eos ut animi nihil et doloremque; est illum optio accusantium ipsum consequatur qui accusamus, maxime facere.', '2020-05-18 10:43:34', NULL, NULL, 0, False, True, True, -9, -9, 16, 'Konisonpex', '1883 Rock Hill Avenue, Concord, New Hampshire, 16842', 0, '2020-01-01 10:20:01', 'Maldives Time', 0, '2020-01-02 08:02:01', NULL, 50, 5);

--
-- Inserting data into table friendship
--
INSERT INTO friendship(id, status, request_receiver_id, request_sender_id) VALUES
(1, 3, 8, 10),
(2, 3, 7, 8),
(3, 3, 9, 9),
(4, 1, 8, 6),
(5, 0, 8, 3),
(6, 2, 9, 8),
(7, 2, 2, 3),
(8, 1, 9, 1),
(9, 3, 6, 3),
(10, 3, 3, 1),
(11, 3, 7, 1),
(12, 2, 5, 8),
(13, 1, 10, 3),
(14, 1, 6, 5),
(15, 1, 4, 3),
(16, 3, 4, 2),
(17, 1, 10, 8),
(18, 2, 1, 2),
(19, 1, 6, 5),
(20, 2, 5, 10),
(21, 3, 1, 9),
(22, 0, 8, 5),
(23, 1, 1, 3),
(24, 1, 6, 3),
(25, 2, 10, 7),
(26, 3, 5, 8),
(27, 2, 9, 10),
(28, 0, 1, 2),
(29, 1, 6, 1),
(30, 3, 3, 2),
(31, 0, 3, 2),
(32, 3, 6, 10),
(33, 0, 9, 4),
(34, 2, 5, 7),
(35, 3, 2, 8),
(36, 3, 7, 6),
(37, 1, 10, 4),
(38, 3, 2, 8),
(39, 2, 6, 5),
(40, 3, 7, 4),
(41, 2, 9, 5),
(42, 3, 3, 1),
(43, 1, 2, 3),
(44, 1, 5, 1),
(45, 0, 8, 9),
(46, 3, 7, 9),
(47, 2, 1, 2),
(48, 1, 5, 4),
(49, 2, 6, 3),
(50, 2, 2, 6);

--
-- Inserting data into table going_events
--
INSERT INTO going_events(user_id, event_id) VALUES
(3, 17),
(4, 50),
(2, 12),
(4, 13),
(2, 3),
(8, 8),
(8, 26),
(8, 40),
(10, 49),
(5, 40),
(3, 4),
(1, 23),
(7, 9),
(3, 2),
(10, 6),
(7, 16),
(8, 14),
(5, 25),
(7, 36),
(2, 9),
(3, 43),
(6, 44),
(4, 17),
(9, 15),
(4, 36),
(10, 41),
(9, 48),
(10, 14),
(1, 6),
(7, 35),
(2, 1),
(3, 34),
(7, 29),
(9, 16),
(2, 20),
(4, 41),
(10, 31),
(1, 30),
(5, 46),
(7, 27),
(1, 10),
(10, 9),
(10, 2),
(4, 10),
(9, 1),
(2, 9),
(3, 50),
(3, 48),
(2, 4),
(4, 42);

--
-- Inserting data into table interested_events
--
INSERT INTO interested_events(user_id, event_id) VALUES
(3, 2),
(9, 29),
(5, 34),
(8, 6),
(7, 42),
(7, 6),
(10, 7),
(2, 50),
(8, 2),
(9, 31),
(1, 12),
(3, 12),
(3, 14),
(1, 7),
(4, 25),
(4, 2),
(8, 3),
(10, 5),
(3, 6),
(1, 39),
(6, 49),
(6, 26),
(5, 36),
(10, 18),
(4, 31),
(5, 13),
(2, 31),
(6, 1),
(7, 43),
(10, 22),
(5, 12),
(10, 37),
(7, 36),
(7, 46),
(2, 48),
(10, 17),
(10, 28),
(7, 31),
(8, 4),
(7, 49),
(9, 33),
(8, 1),
(4, 26),
(6, 31),
(5, 27),
(10, 26),
(6, 11),
(3, 45),
(9, 35),
(6, 9);

--
-- Inserting data into table invitation
--
INSERT INTO invitation(id, status, event_id, invitation_receiver_id, invitation_sender_id) VALUES
(1, 2, 5, 9, 8),
(2, 3, 4, 9, 7),
(3, 0, 3, 7, 9),
(4, 1, 24, 9, 8),
(5, 3, 39, 7, 9),
(6, 3, 18, 3, 9),
(7, 1, 18, 4, 6),
(8, 1, 2, 2, 1),
(9, 0, 28, 8, 7),
(10, 0, 38, 2, 7),
(11, 0, 44, 6, 5),
(12, 1, 30, 2, 5),
(13, 3, 18, 8, 2),
(14, 0, 40, 6, 5),
(15, 0, 2, 6, 10),
(16, 2, 45, 7, 2),
(17, 1, 2, 9, 7),
(18, 1, 7, 8, 4),
(19, 2, 17, 4, 4),
(20, 1, 10, 3, 4),
(21, 3, 42, 3, 5),
(22, 1, 28, 2, 10),
(23, 0, 16, 5, 6),
(24, 0, 20, 1, 8),
(25, 2, 12, 5, 1),
(26, 1, 26, 6, 10),
(27, 2, 30, 10, 7),
(28, 0, 32, 1, 7),
(29, 3, 30, 3, 1),
(30, 2, 18, 2, 9),
(31, 2, 34, 7, 3),
(32, 1, 30, 9, 5),
(33, 0, 41, 6, 7),
(34, 2, 32, 9, 7),
(35, 2, 30, 10, 3),
(36, 0, 41, 9, 10),
(37, 1, 9, 2, 5),
(38, 1, 25, 3, 1),
(39, 0, 6, 7, 1),
(40, 2, 18, 4, 1),
(41, 2, 10, 5, 9),
(42, 0, 14, 3, 6),
(43, 0, 42, 9, 9),
(44, 0, 9, 7, 10),
(45, 0, 11, 4, 3),
(46, 0, 47, 9, 1),
(47, 3, 14, 1, 6),
(48, 2, 7, 3, 8),
(49, 1, 18, 4, 2),
(50, 0, 8, 7, 8);

--
-- Inserting data into table user
--
INSERT INTO user(id, activated_account, email, facebook_id, image_uri, name, password, sync_facebook_events, sync_facebook_profile, sync_status, updated_time, facebook_token) VALUES
(1, True, 'wmgnztsc13@example.com', '', '1589079312837', 'Larry892', 'a46U46K7Izco^9b6m', False, False, 0, '2020-01-01 00:00:01', ''),
(2, False, 'Randall_Bragg@nowhere.com', '', '1589642898537', 'Edgar1967', 'lFz3Zp3@v0A6KFMOg986%Q046e83Huh35', False, False, 0, '2020-01-01 00:00:01', ''),
(3, False, 'ohtzpym5997@example.com', '', '1589800708774', 'Frankie187', 'b2X+Qxup32z22fB6i7m27Qg022ZT10nT', False, False, 0, '2020-01-01 00:00:01', ''),
(4, False, 'Stack94@nowhere.com', '', '1589100212607', 'Penni2017', 'HLagKlWxrvtI5767Jh436Qqm8xsDwdf9@l!O147ZsSe539K6e8BO+X9C&a355', False, False, 0, '2020-01-01 00:00:01', ''),
(5, True, 'zdyjo8@example.com', '', '1589356999678', 'Gerald822', 'lqJX7@Z8uBLF$X3=H06!plm8FDJ1D6WJtw125f', False, False, 0, '2020-01-01 00:00:01', ''),
(6, True, 'Jamey_Ledesma247@nowhere.com', '', '1589031455623', 'Jamie2012', 'q6GYa4cZ25I', False, False, 0, '2020-01-01 00:00:01', ''),
(7, True, 'Julian@example.com', '', '1589891466605', 'Branden2000', 'ATe7vDO+16+i7QJ6!4', False, False, 0, '2020-01-01 00:00:01', ''),
(8, False, 'KatriceYounger@example.com', '', '1589960113173', 'Cleopatra2003', '49!e6DeaXX#UN7Sz5', False, False, 0, '2020-01-01 00:00:01', ''),
(9, True, 'henley@example.com', '', '1589693264893', 'Henley Mc\'Claren', 'asdfASDF1234', False, False, 0, '2020-01-01 00:00:01', ''),
(10, True, 'Addie.AOrozco829@nowhere.com', '', '1589171110569', 'John58', '63B@=m%l5^5a0j508dWAm92bs0', False, False, 0, '2020-01-01 00:00:01', '');